Mins,Metal_Temp,Current_Roof_Temp,roof_temperature_1,roof_temperature_2
385,706.0,1118.423218,1118.415527,1112.462524
386,705.0,1118.556641,1118.423218,1118.415527
387,705.0,1117.272461,1118.556641,1118.423218
388,705.0,1111.591064,1117.272461,1118.556641
389,705.0,1135.606567,1111.591064,1117.272461
390,705.0,1134.701416,1135.606567,1111.591064
391,705.0,1126.062866,1134.701416,1135.606567
392,706.0,1135.216187,1126.062866,1134.701416
393,707.0,1154.512939,1135.216187,1126.062866
394,708.0,1124.893677,1154.512939,1135.216187
395,710.0,1120.632446,1124.893677,1154.512939
396,710.0,1133.536377,1120.632446,1124.893677
397,711.0,1151.817749,1133.536377,1120.632446
398,711.0,1121.671021,1151.817749,1133.536377
399,711.0,1115.47229,1121.671021,1151.817749
400,712.0,1137.021851,1115.47229,1121.671021
401,713.0,1133.411621,1137.021851,1115.47229
402,715.0,1128.002441,1133.411621,1137.021851
373,697.0,1113.12439,1099.523682,1105.487549
374,699.0,1106.909058,1113.12439,1099.523682
102,237.0,601.1601563,524.0211182,330.2858887
103,233.0,620.0561523,601.1601563,524.0211182
104,229.0,646.2695923,620.0561523,601.1601563
105,225.0,643.5981445,646.2695923,620.0561523
106,221.0,683.138916,643.5981445,646.2695923
107,219.0,693.3897095,683.138916,643.5981445
108,217.0,743.2661133,693.3897095,683.138916
109,216.0,845.8538818,743.2661133,693.3897095
110,216.0,789.9494629,845.8538818,743.2661133
111,216.0,857.3885498,789.9494629,845.8538818
112,215.0,833.7175293,857.3885498,789.9494629
113,215.0,813.105835,833.7175293,857.3885498
114,215.0,871.9233398,813.105835,833.7175293
115,215.0,825.7412109,871.9233398,813.105835
116,215.0,851.0019531,825.7412109,871.9233398
117,215.0,878.9638672,851.0019531,825.7412109
118,215.0,854.760498,878.9638672,851.0019531
119,216.0,842.6555176,854.760498,878.9638672
120,217.0,839.7294922,842.6555176,854.760498
121,217.0,853.2329102,839.7294922,842.6555176
122,218.0,878.8308105,853.2329102,839.7294922
123,218.0,856.7050781,878.8308105,853.2329102
124,218.0,851.9880371,856.7050781,878.8308105
125,218.0,914.6081543,851.9880371,856.7050781
126,219.0,846.8457031,914.6081543,851.9880371
127,219.0,865.99646,846.8457031,914.6081543
128,220.0,904.5152588,865.99646,846.8457031
129,221.0,844.7644043,904.5152588,865.99646
130,221.0,877.8861084,844.7644043,904.5152588
131,221.0,887.9362793,877.8861084,844.7644043
132,222.0,858.2561035,887.9362793,877.8861084
133,223.0,885.3267822,858.2561035,887.9362793
134,224.0,870.9904785,885.3267822,858.2561035
135,225.0,852.0140381,870.9904785,885.3267822
136,226.0,861.1734619,852.0140381,870.9904785
137,227.0,883.68396,861.1734619,852.0140381
138,227.0,863.5307617,883.68396,861.1734619
139,228.0,847.0112305,863.5307617,883.68396
140,230.0,871.1364746,847.0112305,863.5307617
141,231.0,889.0478516,871.1364746,847.0112305
142,231.0,873.6223145,889.0478516,871.1364746
143,232.0,863.675293,873.6223145,889.0478516
144,234.0,887.8166504,863.675293,873.6223145
145,236.0,914.3735352,887.8166504,863.675293
146,237.0,896.6049805,914.3735352,887.8166504
147,237.0,869.487793,896.6049805,914.3735352
148,238.0,861.4584961,869.487793,896.6049805
149,239.0,859.6586914,861.4584961,869.487793
150,239.0,862.8481445,859.6586914,861.4584961
151,240.0,869.0770264,862.8481445,859.6586914
152,240.0,869.3596191,869.0770264,862.8481445
153,241.0,863.9665527,869.3596191,869.0770264
154,241.0,870.4688721,863.9665527,869.3596191
155,242.0,867.9812012,870.4688721,863.9665527
156,242.0,873.3719482,867.9812012,870.4688721
157,243.0,879.855957,873.3719482,867.9812012
158,244.0,887.7022705,879.855957,873.3719482
159,245.0,895.3916016,887.7022705,879.855957
160,245.0,896.8991699,895.3916016,887.7022705
161,246.0,896.6311035,896.8991699,895.3916016
162,247.0,882.2091064,896.6311035,896.8991699
163,248.0,885.2351074,882.2091064,896.6311035
164,249.0,885.2325439,885.2351074,882.2091064
165,251.0,884.9560547,885.2325439,885.2351074
166,252.0,881.7901611,884.9560547,885.2325439
167,253.0,880.8256836,881.7901611,884.9560547
168,254.0,884.1290283,880.8256836,881.7901611
169,255.0,882.4785156,884.1290283,880.8256836
170,256.0,884.6835938,882.4785156,884.1290283
171,258.0,884.4101563,884.6835938,882.4785156
172,259.0,884.2751465,884.4101563,884.6835938
173,260.0,892.9355469,884.2751465,884.4101563
174,262.0,890.6044922,892.9355469,884.2751465
175,263.0,895.2718506,890.6044922,892.9355469
176,265.0,901.9880371,895.2718506,890.6044922
177,267.0,912.5112305,901.9880371,895.2718506
178,269.0,912.3833008,912.5112305,901.9880371
179,271.0,909.7888184,912.3833008,912.5112305
180,274.0,908.418335,909.7888184,912.3833008
181,277.0,907.4692383,908.418335,909.7888184
182,280.0,907.7434082,907.4692383,908.418335
183,282.0,873.8248291,907.7434082,907.4692383
184,285.0,846.2370605,873.8248291,907.7434082
185,288.0,835.7790527,846.2370605,873.8248291
186,291.0,832.7033691,835.7790527,846.2370605
187,293.0,826.824707,832.7033691,835.7790527
188,296.0,833.6816406,826.824707,832.7033691
189,299.0,841.3587646,833.6816406,826.824707
190,301.0,846.7912598,841.3587646,833.6816406
191,304.0,853.7440186,846.7912598,841.3587646
192,307.0,860.4055176,853.7440186,846.7912598
193,309.0,856.3858643,860.4055176,853.7440186
194,311.0,868.4370117,856.3858643,860.4055176
195,314.0,870.6516113,868.4370117,856.3858643
196,317.0,875.348999,870.6516113,868.4370117
197,321.0,868.9967041,875.348999,870.6516113
198,325.0,872.5881348,868.9967041,875.348999
199,329.0,870.6553955,872.5881348,868.9967041
200,333.0,867.614502,870.6553955,872.5881348
201,337.0,866.3692627,867.614502,870.6553955
202,341.0,860.9663086,866.3692627,867.614502
203,344.0,855.4179688,860.9663086,866.3692627
204,348.0,852.638916,855.4179688,860.9663086
205,351.0,846.1062012,852.638916,855.4179688
206,354.0,847.9133301,846.1062012,852.638916
207,357.0,845.5487061,847.9133301,846.1062012
208,360.0,847.9144287,845.5487061,847.9133301
209,363.0,848.3303223,847.9144287,845.5487061
210,366.0,849.440918,848.3303223,847.9144287
211,368.0,852.4991455,849.440918,848.3303223
212,370.0,859.8571777,852.4991455,849.440918
213,373.0,867.0635986,859.8571777,852.4991455
214,375.0,870.935791,867.0635986,859.8571777
215,377.0,874.8071289,870.935791,867.0635986
216,378.0,879.6361084,874.8071289,870.935791
217,380.0,879.4992676,879.6361084,874.8071289
218,380.0,885.0048828,879.4992676,879.6361084
219,381.0,881.5649414,885.0048828,879.4992676
220,382.0,882.5258789,881.5649414,885.0048828
221,383.0,879.4968262,882.5258789,881.5649414
222,384.0,873.7023926,879.4968262,882.5258789
223,385.0,871.2182617,873.7023926,879.4968262
224,385.0,870.6638184,871.2182617,873.7023926
225,386.0,866.2409668,870.6638184,871.2182617
226,387.0,865.6845703,866.2409668,870.6638184
227,388.0,861.52771,865.6845703,866.2409668
228,389.0,861.6662598,861.52771,865.6845703
229,390.0,859.3085938,861.6662598,861.52771
230,391.0,848.8903809,859.3085938,861.6662598
231,392.0,855.2824707,848.8903809,859.3085938
232,393.0,865.9538574,855.2824707,848.8903809
233,394.0,861.3848877,865.9538574,855.2824707
234,394.0,861.6634521,861.3848877,865.9538574
235,395.0,864.1578369,861.6634521,861.3848877
236,396.0,868.4482422,864.1578369,861.6634521
237,397.0,872.1821289,868.4482422,864.1578369
238,398.0,876.8757324,872.1821289,868.4482422
239,399.0,881.2868652,876.8757324,872.1821289
240,400.0,887.4790039,881.2868652,876.8757324
241,402.0,892.1503906,887.4790039,881.2868652
242,403.0,870.1120605,892.1503906,887.4790039
243,404.0,862.5026855,870.1120605,892.1503906
244,406.0,864.7167969,862.5026855,870.1120605
245,407.0,860.4230957,864.7167969,862.5026855
246,409.0,855.8466797,860.4230957,864.7167969
247,410.0,852.5107422,855.8466797,860.4230957
248,412.0,848.7536621,852.5107422,855.8466797
249,414.0,841.5117188,848.7536621,852.5107422
250,416.0,844.715332,841.5117188,848.7536621
251,417.0,840.5327148,844.715332,841.5117188
252,419.0,837.3238525,840.5327148,844.715332
253,421.0,837.6015625,837.3238525,840.5327148
254,422.0,843.7414551,837.6015625,837.3238525
255,424.0,851.5341797,843.7414551,837.6015625
256,426.0,854.4521484,851.5341797,843.7414551
257,428.0,856.3979492,854.4521484,851.5341797
258,430.0,855.7038574,856.3979492,854.4521484
259,431.0,861.5300293,855.7038574,856.3979492
260,433.0,867.6228027,861.5300293,855.7038574
261,435.0,873.1513672,867.6228027,861.5300293
262,436.0,879.2202148,873.1513672,867.6228027
263,438.0,880.7370605,879.2202148,873.1513672
264,440.0,881.0102539,880.7370605,879.2202148
265,441.0,885.5511475,881.0102539,880.7370605
266,443.0,877.6972656,885.5511475,881.0102539
267,445.0,871.8981934,877.6972656,885.5511475
268,446.0,871.6247559,871.8981934,877.6972656
269,448.0,872.1741943,871.6247559,871.8981934
270,449.0,868.3027344,872.1741943,871.6247559
271,451.0,861.2407227,868.3027344,872.1741943
272,452.0,857.4956055,861.2407227,868.3027344
273,454.0,853.8859863,857.4956055,861.2407227
274,456.0,850.1315918,853.8859863,857.4956055
275,458.0,850.6884766,850.1315918,853.8859863
276,460.0,855.550293,850.6884766,850.1315918
277,462.0,855.1361084,855.550293,850.6884766
278,464.0,858.6064453,855.1361084,855.550293
279,465.0,863.5955811,858.6064453,855.1361084
280,468.0,869.130127,863.5955811,858.6064453
281,469.0,874.7946777,869.130127,863.5955811
282,471.0,876.0371094,874.7946777,869.130127
283,473.0,883.4763184,876.0371094,874.7946777
284,474.0,888.427002,883.4763184,876.0371094
285,476.0,894.8789063,888.427002,883.4763184
286,478.0,895.5645752,894.8789063,888.427002
287,480.0,893.9179688,895.5645752,894.8789063
288,481.0,891.4448242,893.9179688,895.5645752
289,483.0,891.170166,891.4448242,893.9179688
290,485.0,884.1604004,891.170166,891.4448242
291,486.0,880.5788574,884.1604004,891.170166
292,488.0,874.095459,880.5788574,884.1604004
293,490.0,872.7120361,874.095459,880.5788574
294,492.0,870.5026855,872.7120361,874.095459
295,493.0,867.8754883,870.5026855,872.7120361
296,495.0,867.1855469,867.8754883,870.5026855
297,497.0,868.980957,867.1855469,867.8754883
298,498.0,870.7734375,868.980957,867.1855469
299,501.0,876.0212402,870.7734375,868.980957
300,503.0,880.7070313,876.0212402,870.7734375
301,505.0,883.3265381,880.7070313,876.0212402
302,507.0,889.6525879,883.3265381,880.7070313
303,509.0,888.8291016,889.6525879,883.3265381
304,511.0,898.1630859,888.8291016,889.6525879
305,513.0,905.4150391,898.1630859,888.8291016
306,516.0,907.6053467,905.4150391,898.1630859
307,519.0,916.3352051,907.6053467,905.4150391
308,522.0,915.6523438,916.3352051,907.6053467
309,525.0,914.6966553,915.6523438,916.3352051
310,529.0,907.190918,914.6966553,915.6523438
311,532.0,908.149292,907.190918,914.6966553
312,535.0,902.4058838,908.149292,907.190918
313,539.0,895.5552979,902.4058838,908.149292
314,543.0,887.3134766,895.5552979,902.4058838
315,546.0,883.048584,887.3134766,895.5552979
316,550.0,884.1501465,883.048584,887.3134766
317,553.0,881.9464111,884.1501465,883.048584
318,557.0,879.604126,881.9464111,884.1501465
319,560.0,881.1171875,879.604126,881.9464111
320,563.0,879.3261719,881.1171875,879.604126
321,566.0,882.770752,879.3261719,881.1171875
322,569.0,890.0603027,882.770752,879.3261719
323,572.0,893.3560791,890.0603027,882.770752
324,575.0,898.0202637,893.3560791,890.0603027
325,578.0,905.822876,898.0202637,893.3560791
326,581.0,908.6914063,905.822876,898.0202637
327,584.0,914.425415,908.6914063,905.822876
328,588.0,918.6501465,914.425415,908.6914063
329,592.0,920.6904297,918.6501465,914.425415
330,596.0,921.9128418,920.6904297,918.6501465
331,599.0,920.5527344,921.9128418,920.6904297
332,601.0,920.5505371,920.5527344,921.9128418
333,604.0,914.826416,920.5505371,920.5527344
334,606.0,910.7304688,914.826416,920.5505371
335,608.0,905.2634277,910.7304688,914.826416
336,610.0,897.050415,905.2634277,910.7304688
337,612.0,890.875,897.050415,905.2634277
338,613.0,887.4388428,890.875,897.050415
339,615.0,886.2028809,887.4388428,890.875
340,616.0,885.5131836,886.2028809,887.4388428
341,617.0,886.4770508,885.5131836,886.2028809
342,618.0,886.2019043,886.4770508,885.5131836
343,620.0,892.3830566,886.2019043,886.4770508
344,621.0,895.4025879,892.3830566,886.2019043
345,622.0,900.2049561,895.4025879,892.3830566
346,623.0,900.8895264,900.2049561,895.4025879
347,623.0,902.8061523,900.8895264,900.2049561
348,624.0,909.2332764,902.8061523,900.8895264
349,624.0,912.2382813,909.2332764,902.8061523
350,625.0,917.8278809,912.2382813,909.2332764
351,626.0,920.8215332,917.8278809,912.2382813
352,626.0,919.8686523,920.8215332,917.8278809
353,627.0,919.3220215,919.8686523,920.8215332
354,627.0,916.0494385,919.3220215,919.8686523
355,626.0,911.5500488,916.0494385,919.3220215
356,627.0,911.5522461,911.5500488,916.0494385
357,628.0,906.6326904,911.5522461,911.5500488
358,629.0,901.8446045,906.6326904,911.5522461
359,631.0,897.3238525,901.8446045,906.6326904
360,640.0,891.1480713,897.3238525,901.8446045
361,646.0,890.0473633,891.1480713,897.3238525
362,649.0,887.1623535,890.0473633,891.1480713
363,650.0,887.1616211,887.1623535,890.0473633
364,650.0,886.6130371,887.1616211,887.1623535
365,650.0,889.225708,886.6130371,887.1616211
366,651.0,891.8342285,889.225708,886.6130371
367,651.0,896.2246094,891.8342285,889.225708
368,651.0,901.0205078,896.2246094,891.8342285
369,650.0,905.128418,901.0205078,896.2246094
370,650.0,907.8637695,905.128418,901.0205078
371,650.0,911.4130859,907.8637695,905.128418
372,650.0,917.6849365,911.4130859,907.8637695
373,650.0,919.4553223,917.6849365,911.4130859
374,650.0,921.2231445,919.4553223,917.6849365
375,650.0,922.4482422,921.2231445,919.4553223
376,649.0,923.8049316,922.4482422,921.2231445
377,649.0,922.4422607,923.8049316,922.4482422
378,649.0,919.175415,922.4422607,923.8049316
379,648.0,912.6318359,919.175415,922.4422607
380,648.0,909.7653809,912.6318359,919.175415
381,647.0,900.4682617,909.7653809,912.6318359
382,647.0,896.2191162,900.4682617,909.7653809
383,647.0,893.7497559,896.2191162,900.4682617
384,647.0,890.7294922,893.7497559,896.2191162
385,646.0,890.7329102,890.7294922,893.7497559
386,646.0,893.206543,890.7329102,890.7294922
387,646.0,889.6386719,893.206543,890.7329102
388,645.0,892.5213623,889.6386719,893.206543
389,645.0,896.4997559,892.5213623,889.6386719
390,645.0,899.3791504,896.4997559,892.5213623
391,644.0,904.173584,899.3791504,896.4997559
392,644.0,908.6829834,904.173584,899.3791504
393,644.0,908.2747803,908.6829834,904.173584
394,644.0,910.8681641,908.2747803,908.6829834
395,643.0,918.5026855,910.8681641,908.2747803
396,643.0,921.0895996,918.5026855,910.8681641
397,643.0,919.1855469,921.0895996,918.5026855
398,643.0,924.6225586,919.1855469,921.0895996
399,642.0,923.2593994,924.6225586,919.1855469
400,642.0,919.994873,923.2593994,924.6225586
401,642.0,922.5783691,919.994873,923.2593994
402,641.0,916.9958496,922.5783691,919.994873
403,641.0,906.3520508,916.9958496,922.5783691
404,641.0,902.9343262,906.3520508,916.9958496
405,641.0,896.3596191,902.9343262,906.3520508
406,640.0,893.7553711,896.3596191,902.9343262
407,640.0,893.6181641,893.7553711,896.3596191
408,640.0,891.9735107,893.6181641,893.7553711
409,640.0,893.7583008,891.9735107,893.6181641
410,640.0,892.6641846,893.7583008,891.9735107
411,640.0,896.0948486,892.6641846,893.7583008
412,640.0,898.2905273,896.0948486,892.6641846
413,639.0,904.0396729,898.2905273,896.0948486
414,639.0,909.5036621,904.0396729,898.2905273
415,639.0,911.5524902,909.5036621,904.0396729
416,639.0,914.6888428,911.5524902,909.5036621
417,639.0,920.9525146,914.6888428,911.5524902
418,639.0,926.2529297,920.9525146,914.6888428
419,639.0,922.7175293,926.2529297,920.9525146
420,639.0,923.8031006,922.7175293,926.2529297
421,639.0,923.5297852,923.8031006,922.7175293
422,639.0,923.2583008,923.5297852,923.8031006
423,639.0,919.4455566,923.2583008,923.5297852
424,639.0,916.1740723,919.4455566,923.2583008
425,639.0,909.8996582,916.1740723,919.4455566
426,639.0,900.6016846,909.8996582,916.1740723
427,639.0,900.8760986,900.6016846,909.8996582
428,639.0,896.9061279,900.8760986,900.6016846
429,639.0,894.0244141,896.9061279,900.8760986
430,639.0,895.5334473,894.0244141,896.9061279
431,639.0,893.8928223,895.5334473,894.0244141
432,639.0,892.520752,893.8928223,895.5334473
433,639.0,898.6931152,892.520752,893.8928223
434,639.0,903.6230469,898.6931152,892.520752
435,639.0,907.314209,903.6230469,898.6931152
436,639.0,908.4069824,907.314209,903.6230469
437,639.0,912.5021973,908.4069824,907.314209
438,639.0,914.137207,912.5021973,908.4069824
439,639.0,912.2286377,914.137207,912.5021973
440,639.0,918.3608398,912.2286377,914.137207
441,639.0,920.4005127,918.3608398,912.2286377
442,639.0,928.5571289,920.4005127,918.3608398
443,639.0,930.3200684,928.5571289,920.4005127
444,639.0,927.7373047,930.3200684,928.5571289
445,639.0,925.4274902,927.7373047,930.3200684
446,639.0,918.894043,925.4274902,927.7373047
447,639.0,915.0787354,918.894043,925.4274902
448,639.0,912.2163086,915.0787354,918.894043
449,639.0,906.3461914,912.2163086,915.0787354
450,639.0,900.0549316,906.3461914,912.2163086
451,639.0,896.21875,900.0549316,906.3461914
452,639.0,894.7163086,896.21875,900.0549316
453,639.0,897.729248,894.7163086,896.21875
454,639.0,899.3753662,897.729248,894.7163086
455,639.0,899.1065674,899.3753662,897.729248
456,639.0,903.0762939,899.1065674,899.3753662
457,639.0,907.449707,903.0762939,899.1065674
460,639.0,916.8654785,914.2753906,907.9962158
461,639.0,918.2261963,916.8654785,914.2753906
462,639.0,926.2493896,918.2261963,916.8654785
463,640.0,923.935791,926.2493896,918.2261963
464,640.0,925.9715576,923.935791,926.2493896
465,640.0,922.9777832,925.9715576,923.935791
466,640.0,923.6550293,922.9777832,925.9715576
467,640.0,913.0314941,923.6550293,922.9777832
470,640.0,900.7359619,907.9824219,910.8483887
471,640.0,903.1998291,900.7359619,907.9824219
472,640.0,900.0541992,903.1998291,900.7359619
473,640.0,900.8741455,900.0541992,903.1998291
474,640.0,893.1984863,900.8741455,900.0541992
475,640.0,893.6115723,893.1984863,900.8741455
476,640.0,895.5349121,893.6115723,893.1984863
477,640.0,901.0164795,895.5349121,893.6115723
478,640.0,899.7873535,901.0164795,895.5349121
479,640.0,906.4912109,899.7873535,901.0164795
480,640.0,910.864502,906.4912109,899.7873535
481,640.0,913.4567871,910.864502,906.4912109
484,640.0,925.0244141,920.4040527,913.5930176
485,640.0,917.8112793,925.0244141,920.4040527
486,641.0,917.1287842,917.8112793,925.0244141
487,641.0,918.8999023,917.1287842,917.8112793
488,641.0,921.6204834,918.8999023,917.1287842
491,640.0,908.1264648,915.6307373,921.3482666
492,640.0,902.932373,908.1264648,915.6307373
493,640.0,898.0029297,902.932373,908.1264648
494,640.0,896.6368408,898.0029297,902.932373
495,641.0,896.5029297,896.6368408,898.0029297
496,641.0,893.901123,896.5029297,896.6368408
497,641.0,894.9993896,893.901123,896.5029297
498,641.0,891.567627,894.9993896,893.901123
499,641.0,895.6835938,891.567627,894.9993896
500,641.0,895.1373291,895.6835938,891.567627
501,641.0,903.220459,895.1373291,895.6835938
502,641.0,909.50354,903.220459,895.1373291
503,641.0,953.5910645,909.50354,903.220459
504,641.0,924.6220703,953.5910645,909.50354
505,642.0,968.6472168,924.6220703,953.5910645
506,642.0,1004.965088,968.6472168,924.6220703
507,642.0,1001.906494,1004.965088,968.6472168
508,642.0,1071.334839,1001.906494,1004.965088
509,642.0,991.1186523,1071.334839,1001.906494
510,643.0,1001.241577,991.1186523,1071.334839
511,643.0,994.7209473,1001.241577,991.1186523
512,643.0,1007.619385,994.7209473,1001.241577
513,643.0,1001.906738,1007.619385,994.7209473
514,643.0,998.9837646,1001.906738,1007.619385
515,643.0,1053.544922,998.9837646,1001.906738
516,644.0,1037.773804,1053.544922,998.9837646
517,644.0,1002.05542,1037.773804,1053.544922
518,644.0,999.927002,1002.05542,1037.773804
519,644.0,1017.317871,999.927002,1002.05542
520,644.0,1036.863037,1017.317871,999.927002
521,644.0,996.7390137,1036.863037,1017.317871
522,644.0,1044.495605,996.7390137,1036.863037
523,644.0,1028.421997,1044.495605,996.7390137
524,645.0,1059.979492,1028.421997,1044.495605
525,645.0,1051.591309,1059.979492,1028.421997
526,645.0,1046.730225,1051.591309,1059.979492
527,645.0,1098.555786,1046.730225,1051.591309
528,645.0,1050.278198,1098.555786,1046.730225
529,645.0,1064.432373,1050.278198,1098.555786
530,645.0,1075.791138,1064.432373,1050.278198
531,646.0,1068.743896,1075.791138,1064.432373
532,646.0,1126.637451,1068.743896,1075.791138
533,646.0,1066.655273,1126.637451,1068.743896
534,646.0,1073.96814,1066.655273,1126.637451
535,646.0,1078.272583,1073.96814,1066.655273
536,646.0,1077.231323,1078.272583,1073.96814
537,647.0,1086.607422,1077.231323,1078.272583
538,647.0,1084.269531,1086.607422,1077.231323
539,647.0,1087.915405,1084.269531,1086.607422
540,647.0,1068.891846,1087.915405,1084.269531
541,647.0,1090.650391,1068.891846,1087.915405
542,647.0,1056.982788,1090.650391,1068.891846
543,647.0,1066.151489,1056.982788,1090.650391
544,648.0,1116.967163,1066.151489,1056.982788
545,649.0,1084.669312,1116.967163,1066.151489
546,649.0,1086.886108,1084.669312,1116.967163
547,649.0,1087.276489,1086.886108,1084.669312
548,649.0,1086.104492,1087.276489,1086.886108
549,648.0,1099.872803,1086.104492,1087.276489
550,648.0,1098.703613,1099.872803,1086.104492
551,648.0,1103.243408,1098.703613,1099.872803
239,783.0,815.5924072,821.769043,831.8568115
240,783.0,831.7145996,815.5924072,821.769043
241,782.0,823.1729736,831.7145996,815.5924072
242,781.0,807.0087891,823.1729736,831.7145996
243,780.0,797.128418,807.0087891,823.1729736
244,778.0,792.0350342,797.128418,807.0087891
245,775.0,796.1369629,792.0350342,797.128418
246,772.0,811.2327881,796.1369629,792.0350342
247,770.0,790.8979492,811.2327881,796.1369629
248,767.0,777.407959,790.8979492,811.2327881
249,766.0,769.996582,777.407959,790.8979492
278,730.0,1083.217163,1104.521606,1108.922485
279,735.0,1107.75647,1083.217163,1104.521606
280,739.0,1088.288574,1107.75647,1083.217163
281,742.0,1036.856812,1088.288574,1107.75647
282,743.0,967.5974121,1036.856812,1088.288574
283,743.0,963.9541016,967.5974121,1036.856812
284,740.0,960.5925293,963.9541016,967.5974121
285,737.0,960.1882324,960.5925293,963.9541016
286,734.0,973.6162109,960.1882324,960.5925293
77,689.0,1093.651611,1085.463135,1067.471313
78,690.0,1081.038818,1093.651611,1085.463135
79,691.0,1112.196655,1081.038818,1093.651611
80,691.0,1119.567627,1112.196655,1081.038818
81,693.0,1113.492065,1119.567627,1112.196655
82,694.0,1088.85144,1113.492065,1119.567627
83,695.0,1067.608276,1088.85144,1113.492065
84,696.0,1083.388428,1067.608276,1088.85144
85,697.0,1081.30542,1083.388428,1067.608276
86,699.0,1057.927124,1081.30542,1083.388428
87,700.0,1001.454834,1057.927124,1081.30542
88,702.0,1003.305908,1001.454834,1057.927124
89,704.0,1015.778931,1003.305908,1001.454834
90,705.0,1012.992676,1015.778931,1003.305908
91,707.0,1003.433594,1012.992676,1015.778931
92,708.0,1005.0271,1003.433594,1012.992676
93,708.0,1007.284668,1005.0271,1003.433594
94,709.0,998.1092529,1007.284668,1005.0271
112,730.0,1107.00708,1125.628296,1125.500488
113,732.0,1086.238159,1107.00708,1125.628296
114,733.0,1118.266602,1086.238159,1107.00708
115,736.0,1106.878784,1118.266602,1086.238159
116,737.0,1071.25415,1106.878784,1118.266602
117,739.0,1056.078979,1071.25415,1106.878784
118,741.0,1019.071045,1056.078979,1071.25415
119,743.0,1005.149658,1019.071045,1056.078979
120,744.0,984.2355957,1005.149658,1019.071045
121,745.0,957.9527588,984.2355957,1005.149658
122,747.0,937.1583252,957.9527588,984.2355957
123,747.0,946.3571777,937.1583252,957.9527588
124,748.0,911.4714355,946.3571777,937.1583252
125,748.0,914.4698486,911.4714355,946.3571777
126,748.0,923.9975586,914.4698486,911.4714355
127,749.0,921.2766113,923.9975586,914.4698486
128,749.0,915.2833252,921.2766113,923.9975586
129,750.0,899.020752,915.2833252,921.2766113
130,751.0,865.7045898,899.020752,915.2833252
131,751.0,890.2384033,865.7045898,899.020752
132,751.0,889.8254395,890.2384033,865.7045898
133,750.0,934.8439941,889.8254395,890.2384033
134,750.0,860.5727539,934.8439941,889.8254395
387,696.0,998.6748047,1010.50415,1031.928711
388,697.0,1009.442261,998.6748047,1010.50415
389,697.0,1021.234863,1009.442261,998.6748047
390,697.0,1051.139648,1021.234863,1009.442261
391,698.0,1064.122559,1051.139648,1021.234863
392,698.0,1068.695313,1064.122559,1051.139648
393,699.0,1050.359619,1068.695313,1064.122559
394,700.0,1007.196045,1050.359619,1068.695313
395,700.0,1009.584351,1007.196045,1050.359619
396,700.0,1013.561035,1009.584351,1007.196045
397,701.0,1040.766479,1013.561035,1009.584351
398,701.0,1057.964722,1040.766479,1013.561035
399,702.0,1077.046387,1057.964722,1040.766479
400,702.0,1071.178589,1077.046387,1057.964722
401,703.0,1025.603027,1071.178589,1077.046387
402,703.0,1004.933105,1025.603027,1071.178589
437,740.0,821.8336182,816.6430664,813.1307373
25,424.0,535.8566895,538.456665,524.9428101
26,462.0,555.2219238,535.8566895,538.456665
27,497.0,577.706543,555.2219238,535.8566895
28,532.0,635.2108154,577.706543,555.2219238
29,567.0,701.7878418,635.2108154,577.706543
30,597.0,733.8950195,701.7878418,635.2108154
31,621.0,737.3045654,733.8950195,701.7878418
32,651.0,739.237854,737.3045654,733.8950195
33,672.0,742.1247559,739.237854,737.3045654
34,692.0,761.2081299,742.1247559,739.237854
35,712.0,756.4882813,761.2081299,742.1247559
36,725.0,762.0095215,756.4882813,761.2081299
37,742.0,762.9287109,762.0095215,756.4882813
38,755.0,763.8740234,762.9287109,762.0095215
39,766.0,779.6147461,763.8740234,762.9287109
40,778.0,776.7739258,779.6147461,763.8740234
41,791.0,779.3344727,776.7739258,779.6147461
42,805.0,782.4641113,779.3344727,776.7739258
43,805.0,780.4775391,782.4641113,779.3344727
44,806.0,784.7423096,780.4775391,782.4641113
45,811.0,786.6552734,784.7423096,780.4775391
46,818.0,782.1008301,786.6552734,784.7423096
47,819.0,795.0552979,782.1008301,786.6552734
48,822.0,798.590332,795.0552979,782.1008301
49,824.0,795.6230469,798.590332,795.0552979
50,827.0,790.3272705,795.6230469,798.590332
51,835.0,788.4001465,790.3272705,795.6230469
52,833.0,798.0258789,788.4001465,790.3272705
53,837.0,800.7089844,798.0258789,788.4001465
54,841.0,804.236084,800.7089844,798.0258789
55,840.0,804.3811035,804.236084,800.7089844
56,846.0,801.2781982,804.3811035,804.236084
57,847.0,804.0997314,801.2781982,804.3811035
58,855.0,809.7294922,804.0997314,801.2781982
59,854.0,802.5324707,809.7294922,804.0997314
60,852.0,812.6691895,802.5324707,809.7294922
61,857.0,806.1784668,812.6691895,802.5324707
62,862.0,811.6706543,806.1784668,812.6691895
63,869.0,815.7541504,811.6706543,806.1784668
64,869.0,816.887085,815.7541504,811.6706543
65,865.0,828.6760254,816.887085,815.7541504
66,854.0,801.3935547,828.6760254,816.887085
67,855.0,794.3319092,801.3935547,828.6760254
68,843.0,782.0111084,794.3319092,801.3935547
69,828.0,762.7756348,782.0111084,794.3319092
70,824.0,766.6391602,762.7756348,782.0111084
71,832.0,789.3408203,766.6391602,762.7756348
72,847.0,798.4589844,789.3408203,766.6391602
73,853.0,807.2142334,798.4589844,789.3408203
74,856.0,817.2141113,807.2142334,798.4589844
75,867.0,812.576416,817.2141113,807.2142334
76,870.0,815.25354,812.576416,817.2141113
77,879.0,828.4445801,815.25354,812.576416
78,881.0,824.3830566,828.4445801,815.25354
79,877.0,830.4116211,824.3830566,828.4445801
80,884.0,833.4916992,830.4116211,824.3830566
81,885.0,827.2020264,833.4916992,830.4116211
82,887.0,836.1583252,827.2020264,833.4916992
83,886.0,840.3508301,836.1583252,827.2020264
84,884.0,841.604126,840.3508301,836.1583252
85,894.0,844.6787109,841.604126,840.3508301
86,896.0,840.2182617,844.6787109,841.604126
87,894.0,845.3774414,840.2182617,844.6787109
88,897.0,843.5704346,845.3774414,840.2182617
89,900.0,839.0887451,843.5704346,845.3774414
90,902.0,840.75354,839.0887451,843.5704346
91,906.0,843.6801758,840.75354,839.0887451
92,906.0,855.3581543,843.6801758,840.75354
93,905.0,859.517334,855.3581543,843.6801758
94,908.0,851.0439453,859.517334,855.3581543
95,908.0,852.8515625,851.0439453,859.517334
96,910.0,855.0703125,852.8515625,851.0439453
97,912.0,850.484375,855.0703125,852.8515625
98,907.0,853.6765137,850.484375,855.0703125
99,914.0,857.567749,853.6765137,850.484375
100,909.0,857.291626,857.567749,853.6765137
101,911.0,857.9805908,857.291626,857.567749
102,914.0,857.0070801,857.9805908,857.291626
103,914.0,864.7653809,857.0070801,857.9805908
104,924.0,864.2159424,864.7653809,857.0070801
105,921.0,860.7545166,864.2159424,864.7653809
106,922.0,871.4121094,860.7545166,864.2159424
107,922.0,868.2310791,871.4121094,860.7545166
108,926.0,867.5345459,868.2310791,871.4121094
109,934.0,872.6500244,867.5345459,868.2310791
110,932.0,865.1893311,872.6500244,867.5345459
111,913.0,835.71875,865.1893311,872.6500244
112,896.0,812.1677246,835.71875,865.1893311
113,881.0,805.5512695,812.1677246,835.71875
114,866.0,798.779541,805.5512695,812.1677246
115,849.0,787.0306396,798.779541,805.5512695
116,843.0,782.2001953,787.0306396,798.779541
117,838.0,783.2001953,782.2001953,787.0306396
118,834.0,783.6228027,783.2001953,782.2001953
119,827.0,780.208252,783.6228027,783.2001953
120,821.0,773.8034668,780.208252,783.6228027
121,818.0,768.9056396,773.8034668,780.208252
122,816.0,768.2497559,768.9056396,773.8034668
123,816.0,769.6763916,768.2497559,768.9056396
124,815.0,769.8212891,769.6763916,768.2497559
125,815.0,770.8188477,769.8212891,769.6763916
126,815.0,772.9521484,770.8188477,769.8212891
127,815.0,771.8066406,772.9521484,770.8188477
128,815.0,770.3773193,771.8066406,772.9521484
129,822.0,787.2475586,770.3773193,771.8066406
130,847.0,812.2508545,787.2475586,770.3773193
131,864.0,826.9875488,812.2508545,787.2475586
132,882.0,829.6477051,826.9875488,812.2508545
133,891.0,823.2033691,829.6477051,826.9875488
134,906.0,842.4960938,823.2033691,829.6477051
135,911.0,853.2084961,842.4960938,823.2033691
136,912.0,870.8017578,853.2084961,842.4960938
137,925.0,897.5415039,870.8017578,853.2084961
138,928.0,889.71875,897.5415039,870.8017578
139,936.0,885.5489502,889.71875,897.5415039
140,941.0,887.5228271,885.5489502,889.71875
141,944.0,894.067627,887.5228271,885.5489502
142,928.0,858.666748,894.067627,887.5228271
143,931.0,879.9008789,858.666748,894.067627
144,939.0,895.8496094,879.9008789,858.666748
145,946.0,902.7543945,895.8496094,879.9008789
146,945.0,903.253418,902.7543945,895.8496094
147,953.0,884.5998535,903.253418,902.7543945
148,949.0,890.5134277,884.5998535,903.253418
149,953.0,895.4543457,890.5134277,884.5998535
150,957.0,896.1394043,895.4543457,890.5134277
151,956.0,910.9144287,896.1394043,895.4543457
152,961.0,902.1772461,910.9144287,896.1394043
153,959.0,899.994751,902.1772461,910.9144287
154,963.0,914.6072998,899.994751,902.1772461
155,967.0,909.9589844,914.6072998,899.994751
156,967.0,918.0029297,909.9589844,914.6072998
157,972.0,908.0446777,918.0029297,909.9589844
158,970.0,910.0898438,908.0446777,918.0029297
159,968.0,920.9907227,910.0898438,908.0446777
160,970.0,919.3532715,920.9907227,910.0898438
161,975.0,917.1729736,919.3532715,920.9907227
162,974.0,918.2631836,917.1729736,919.3532715
163,974.0,921.256958,918.2631836,917.1729736
164,973.0,923.8450928,921.256958,918.2631836
165,973.0,923.0272217,923.8450928,921.256958
166,979.0,922.8891602,923.0272217,923.8450928
167,977.0,927.1015625,922.8891602,923.0272217
168,977.0,930.494873,927.1015625,922.8891602
169,980.0,924.3894043,930.494873,927.1015625
170,967.0,907.1375732,924.3894043,930.494873
171,946.0,876.2485352,907.1375732,924.3894043
172,929.0,858.7739258,876.2485352,907.1375732
173,932.0,897.651123,858.7739258,876.2485352
174,942.0,915.829834,897.651123,858.7739258
175,951.0,918.8283691,915.829834,897.651123
176,954.0,907.9193115,918.8283691,915.829834
177,956.0,914.2026367,907.9193115,918.8283691
178,961.0,920.7369385,914.2026367,907.9193115
179,969.0,923.8547363,920.7369385,914.2026367
180,969.0,932.2697754,923.8547363,920.7369385
181,971.0,936.1964111,932.2697754,923.8547363
182,972.0,929.9555664,936.1964111,932.2697754
183,971.0,946.7373047,929.9555664,936.1964111
184,975.0,951.5910645,946.7373047,929.9555664
185,973.0,959.6779785,951.5910645,946.7373047
186,969.0,966.3964844,959.6779785,951.5910645
187,971.0,937.2663574,966.3964844,959.6779785
188,960.0,913.215332,937.2663574,966.3964844
189,951.0,917.9018555,913.215332,937.2663574
190,927.0,890.1340332,917.9018555,913.215332
191,910.0,860.8857422,890.1340332,917.9018555
192,895.0,845.043335,860.8857422,890.1340332
193,882.0,837.2307129,845.043335,860.8857422
194,870.0,833.6899414,837.2307129,845.043335
195,859.0,830.1901855,833.6899414,837.2307129
196,850.0,829.0740967,830.1901855,833.6899414
197,843.0,827.1162109,829.0740967,830.1901855
198,837.0,826.5578613,827.1162109,829.0740967
199,831.0,824.3110352,826.5578613,827.1162109
200,826.0,818.7026367,824.3110352,826.5578613
201,821.0,811.5300293,818.7026367,824.3110352
202,817.0,809.9804688,811.5300293,818.7026367
203,813.0,812.0964355,809.9804688,811.5300293
204,809.0,814.6300049,812.0964355,809.9804688
205,806.0,813.0834961,814.6300049,812.0964355
206,804.0,815.1929932,813.0834961,814.6300049
207,802.0,814.3493652,815.1929932,813.0834961
208,800.0,813.7854004,814.3493652,815.1929932
209,798.0,818.5628662,813.7854004,814.3493652
210,802.0,855.1464844,818.5628662,813.7854004
211,810.0,882.5217285,855.1464844,818.5628662
212,815.0,893.2409668,882.5217285,855.1464844
213,819.0,904.7502441,893.2409668,882.5217285
214,820.0,907.217041,904.7502441,893.2409668
215,819.0,910.4992676,907.217041,904.7502441
216,817.0,912.4121094,910.4992676,907.217041
217,815.0,935.6611328,912.4121094,910.4992676
218,812.0,928.612793,935.6611328,912.4121094
219,811.0,936.8859863,928.612793,935.6611328
220,810.0,940.6782227,936.8859863,928.612793
221,809.0,968.9780273,940.6782227,936.8859863
222,809.0,965.4782715,968.9780273,940.6782227
223,809.0,945.9375,965.4782715,968.9780273
224,808.0,949.307373,945.9375,965.4782715
225,807.0,947.5490723,949.307373,945.9375
226,805.0,966.5300293,947.5490723,949.307373
227,803.0,971.0922852,966.5300293,947.5490723
228,802.0,973.9074707,971.0922852,966.5300293
229,800.0,965.0500488,973.9074707,971.0922852
230,797.0,932.2539063,965.0500488,973.9074707
231,794.0,937.9428711,932.2539063,965.0500488
232,790.0,912.2561035,937.9428711,932.2539063
233,785.0,892.826416,912.2561035,937.9428711
234,780.0,879.8997803,892.826416,912.2561035
235,775.0,867.6682129,879.8997803,892.826416
236,770.0,863.100708,867.6682129,879.8997803
237,765.0,859.0842285,863.100708,867.6682129
238,762.0,856.1726074,859.0842285,863.100708
239,760.0,851.7322998,856.1726074,859.0842285
240,758.0,851.3071289,851.7322998,856.1726074
241,756.0,849.78125,851.3071289,851.7322998
242,755.0,852.4224854,849.78125,851.3071289
243,754.0,846.5258789,852.4224854,849.78125
244,752.0,841.0947266,846.5258789,852.4224854
245,752.0,839.8391113,841.0947266,846.5258789
246,752.0,838.3046875,839.8391113,841.0947266
247,751.0,839.7514648,838.3046875,839.8391113
248,750.0,842.8276367,839.7514648,838.3046875
249,750.0,844.7779541,842.8276367,839.7514648
250,749.0,843.8009033,844.7779541,842.8276367
251,749.0,841.5749512,843.8009033,844.7779541
252,749.0,840.7322998,841.5749512,843.8009033
253,749.0,835.8435059,840.7322998,841.5749512
254,749.0,835.4232178,835.8435059,840.7322998
255,749.0,836.263916,835.4232178,835.8435059
256,750.0,835.7032471,836.263916,835.4232178
257,749.0,832.9139404,835.7032471,836.263916
258,748.0,833.0517578,832.9139404,835.7032471
259,747.0,833.6102295,833.0517578,832.9139404
260,746.0,833.756958,833.6102295,833.0517578
261,744.0,834.3146973,833.756958,833.6102295
262,743.0,833.6097412,834.3146973,833.756958
263,743.0,836.8200684,833.6097412,834.3146973
264,744.0,837.1018066,836.8200684,833.6097412
265,745.0,836.6767578,837.1018066,836.8200684
266,747.0,837.0942383,836.6767578,837.1018066
267,748.0,839.1877441,837.0942383,836.6767578
268,750.0,847.2197266,839.1877441,837.0942383
269,750.0,877.8283691,847.2197266,839.1877441
270,751.0,882.1000977,877.8283691,847.2197266
271,751.0,875.760498,882.1000977,877.8283691
272,752.0,880.8598633,875.760498,882.1000977
273,754.0,886.0930176,880.8598633,875.760498
274,755.0,902.6868896,886.0930176,880.8598633
275,758.0,913.2053223,902.6868896,886.0930176
276,759.0,926.8178711,913.2053223,902.6868896
277,759.0,955.3613281,926.8178711,913.2053223
278,760.0,958.1938477,955.3613281,926.8178711
279,761.0,971.4951172,958.1938477,955.3613281
280,763.0,981.0061035,971.4951172,958.1938477
281,764.0,977.5266113,981.0061035,971.4951172
282,763.0,954.0281982,977.5266113,981.0061035
283,762.0,960.7650146,954.0281982,977.5266113
284,763.0,970.9655762,960.7650146,954.0281982
285,765.0,983.5458984,970.9655762,960.7650146
286,767.0,999.1442871,983.5458984,970.9655762
287,769.0,978.189209,999.1442871,983.5458984
288,770.0,957.6516113,978.189209,999.1442871
289,772.0,965.8500977,957.6516113,978.189209
290,772.0,979.9211426,965.8500977,957.6516113
291,771.0,1003.653931,979.9211426,965.8500977
292,772.0,977.3786621,1003.653931,979.9211426
293,771.0,1007.107178,977.3786621,1003.653931
294,771.0,994.8725586,1007.107178,977.3786621
295,771.0,982.8635254,994.8725586,1007.107178
296,772.0,992.2056885,982.8635254,994.8725586
297,772.0,982.9963379,992.2056885,982.8635254
298,771.0,997.9382324,982.9963379,992.2056885
299,771.0,998.204834,997.9382324,982.9963379
300,771.0,1009.908936,998.204834,997.9382324
301,770.0,1020.508667,1009.908936,998.204834
302,770.0,1002.612427,1020.508667,1009.908936
303,769.0,975.1235352,1002.612427,1020.508667
304,769.0,984.6213379,975.1235352,1002.612427
305,768.0,989.1593018,984.6213379,975.1235352
306,767.0,995.293335,989.1593018,984.6213379
307,766.0,949.5825195,995.293335,989.1593018
308,766.0,886.7128906,949.5825195,995.293335
309,768.0,842.5631104,886.7128906,949.5825195
310,768.0,810.9875488,842.5631104,886.7128906
311,766.0,788.378418,810.9875488,842.5631104
312,762.0,770.3190918,788.378418,810.9875488
313,756.0,765.6123047,770.3190918,788.378418
314,748.0,778.7183838,765.6123047,770.3190918
315,741.0,761.8900146,778.7183838,765.6123047
316,734.0,745.694519,761.8900146,778.7183838
317,728.0,733.1618042,745.694519,761.8900146
318,724.0,724.1985474,733.1618042,745.694519
319,722.0,716.8063354,724.1985474,733.1618042
320,721.0,724.3366699,716.8063354,724.1985474
321,718.0,733.2966309,724.3366699,716.8063354
322,715.0,737.3347168,733.2966309,724.3366699
323,713.0,755.0080566,737.3347168,733.2966309
324,711.0,779.4199219,755.0080566,737.3347168
325,709.0,825.0100098,779.4199219,755.0080566
326,707.0,874.5148926,825.0100098,779.4199219
327,705.0,899.2611084,874.5148926,825.0100098
328,705.0,947.8059082,899.2611084,874.5148926
379,751.0,903.307251,910.0891113,915.9350586
361,698.0,1102.003784,1106.680542,1105.537476
362,699.0,1099.749146,1102.003784,1106.680542
363,700.0,1099.606934,1099.749146,1102.003784
364,701.0,1099.607422,1099.606934,1099.749146
365,703.0,1104.305054,1099.607422,1099.606934
366,705.0,1107.310669,1104.305054,1099.607422
367,706.0,1105.783936,1107.310669,1104.305054
368,708.0,1103.328613,1105.783936,1107.310669
369,709.0,1103.884766,1103.328613,1105.783936
370,710.0,1108.753906,1103.884766,1103.328613
371,710.0,1110.778809,1108.753906,1103.884766
372,711.0,1112.822144,1110.778809,1108.753906
373,713.0,1121.59375,1112.822144,1110.778809
374,714.0,1126.636841,1121.59375,1112.822144
375,715.0,1125.480225,1126.636841,1121.59375
376,717.0,1131.325317,1125.480225,1126.636841
377,718.0,1131.590576,1131.325317,1125.480225
378,720.0,1139.603394,1131.590576,1131.325317
379,721.0,1138.587646,1139.603394,1131.590576
400,746.0,985.3068848,1035.211426,1074.411377
401,749.0,917.4649658,985.3068848,1035.211426
402,751.0,885.046875,917.4649658,985.3068848
403,751.0,893.5588379,885.046875,917.4649658
404,750.0,910.2585449,893.5588379,885.046875
405,749.0,880.6392822,910.2585449,893.5588379
406,747.0,931.4836426,880.6392822,910.2585449
291,679.0,1057.45459,1053.518799,1047.612793
292,679.0,1062.435791,1057.45459,1053.518799
293,680.0,1069.625488,1062.435791,1057.45459
294,679.0,1074.588013,1069.625488,1062.435791
295,680.0,1078.061768,1074.588013,1069.625488
296,679.0,1083.402832,1078.061768,1074.588013
297,679.0,1083.397339,1083.402832,1078.061768
298,680.0,1094.840698,1083.397339,1083.402832
299,682.0,1091.464478,1094.840698,1083.397339
300,682.0,1094.059814,1091.464478,1094.840698
335,752.0,878.7069092,885.1820068,891.6374512
336,750.0,868.0759277,878.7069092,885.1820068
337,748.0,863.0955811,868.0759277,878.7069092
338,747.0,858.3813477,863.0955811,868.0759277
339,747.0,853.1053467,858.3813477,863.0955811
340,746.0,848.5222168,853.1053467,858.3813477
341,744.0,844.0678711,848.5222168,853.1053467
342,742.0,832.0622559,844.0678711,848.5222168
343,741.0,827.5842285,832.0622559,844.0678711
344,739.0,826.7436523,827.5842285,832.0622559
345,738.0,823.7993164,826.7436523,827.5842285
54,288.0,364.9602051,367.4028931,370.3231201
394,729.0,1098.555786,1095.052612,1095.700073
395,731.0,1102.05896,1098.555786,1095.052612
396,733.0,1107.500854,1102.05896,1098.555786
397,735.0,1112.809814,1107.500854,1102.05896
398,737.0,1095.44104,1112.809814,1107.500854
399,739.0,1074.747314,1095.44104,1112.809814
400,740.0,1057.48938,1074.747314,1095.44104
401,741.0,1031.721191,1057.48938,1074.747314
402,741.0,1011.352783,1031.721191,1057.48938
403,741.0,1000.327393,1011.352783,1031.721191
404,742.0,1005.116211,1000.327393,1011.352783
405,743.0,1003.918823,1005.116211,1000.327393
406,743.0,988.3391113,1003.918823,1005.116211
407,743.0,973.3574219,988.3391113,1003.918823
410,742.0,988.3359375,987.6680908,975.2332764
411,742.0,999.9260254,988.3359375,987.6680908
412,742.0,1002.452393,999.9260254,988.3359375
379,735.0,1096.813354,1095.384033,1095.384766
380,736.0,1090.059204,1096.813354,1095.384033
381,737.0,1083.164307,1090.059204,1096.813354
348,733.0,1064.416504,1064.415161,1063.103638
349,735.0,1064.025024,1064.416504,1064.415161
350,737.0,1065.463867,1064.025024,1064.416504
450,692.0,902.4559326,913.890625,931.8254395
451,691.0,891.6293945,902.4559326,913.890625
452,691.0,880.1018066,891.6293945,902.4559326
453,691.0,866.9973145,880.1018066,891.6293945
454,689.0,876.6901855,866.9973145,880.1018066
455,689.0,899.8024902,876.6901855,866.9973145
456,688.0,933.5380859,899.8024902,876.6901855
457,688.0,974.6018066,933.5380859,899.8024902
458,687.0,1004.026611,974.6018066,933.5380859
459,689.0,1027.539551,1004.026611,974.6018066
460,690.0,1029.370483,1027.539551,1004.026611
461,693.0,1026.877441,1029.370483,1027.539551
462,694.0,1023.326172,1026.877441,1029.370483
463,695.0,1028.094482,1023.326172,1026.877441
464,696.0,1032.065918,1028.094482,1023.326172
465,697.0,1037.220825,1032.065918,1028.094482
466,699.0,1042.504395,1037.220825,1032.065918
467,700.0,1039.761108,1042.504395,1037.220825
468,701.0,1043.723511,1039.761108,1042.504395
469,703.0,1047.156372,1043.723511,1039.761108
470,704.0,1051.996826,1047.156372,1043.723511
471,706.0,1057.065918,1051.996826,1047.156372
472,708.0,1061.880859,1057.065918,1051.996826
473,709.0,1062.400635,1061.880859,1057.065918
474,711.0,1062.292603,1062.400635,1061.880859
475,712.0,1064.13562,1062.292603,1062.400635
476,714.0,1066.374756,1064.13562,1062.292603
477,714.0,1070.574219,1066.374756,1064.13562
480,724.0,1079.361694,1074.520874,1069.93689
481,724.0,1079.86853,1079.361694,1074.520874
482,724.0,1078.762695,1079.86853,1079.361694
483,726.0,1077.512207,1078.762695,1079.86853
484,726.0,1079.411621,1077.512207,1078.762695
485,726.0,1081.229492,1079.411621,1077.512207
486,728.0,1083.985474,1081.229492,1079.411621
487,730.0,1090.899658,1083.985474,1081.229492
488,732.0,1092.224731,1090.899658,1083.985474
489,735.0,1091.071533,1092.224731,1090.899658
490,737.0,1086.92688,1091.071533,1092.224731
491,740.0,1067.391479,1086.92688,1091.071533
492,743.0,1027.074585,1067.391479,1086.92688
493,747.0,998.6430664,1027.074585,1067.391479
494,750.0,979.0424805,998.6430664,1027.074585
495,751.0,963.4802246,979.0424805,998.6430664
496,753.0,950.5137939,963.4802246,979.0424805
497,754.0,939.5148926,950.5137939,963.4802246
498,753.0,930.0004883,939.5148926,950.5137939
499,753.0,924.4649658,930.0004883,939.5148926
500,752.0,916.0557861,924.4649658,930.0004883
501,752.0,908.1616211,916.0557861,924.4649658
502,751.0,901.2176514,908.1616211,916.0557861
503,751.0,895.0803223,901.2176514,908.1616211
504,751.0,889.1911621,895.0803223,901.2176514
505,751.0,885.3656006,889.1911621,895.0803223
506,751.0,880.8372803,885.3656006,889.1911621
507,751.0,875.5531006,880.8372803,885.3656006
508,750.0,870.5198975,875.5531006,880.8372803
509,750.0,866.0517578,870.5198975,875.5531006
510,749.0,861.7646484,866.0517578,870.5198975
511,749.0,859.435791,861.7646484,866.0517578
512,749.0,857.2244873,859.435791,861.7646484
403,756.0,948.0932617,952.407959,960.7581787
404,756.0,941.2023926,948.0932617,952.407959
405,756.0,933.4822998,941.2023926,948.0932617
406,755.0,926.4245605,933.4822998,941.2023926
407,754.0,920.166748,926.4245605,933.4822998
408,753.0,914.3105469,920.166748,926.4245605
409,752.0,909.1248779,914.3105469,920.166748
410,752.0,907.6243896,909.1248779,914.3105469
411,751.0,901.6140137,907.6243896,909.1248779
412,750.0,896.0037842,901.6140137,907.6243896
413,749.0,891.0625,896.0037842,901.6140137
414,749.0,886.2441406,891.0625,896.0037842
415,749.0,881.8363037,886.2441406,891.0625
416,749.0,879.0854492,881.8363037,886.2441406
362,716.0,1081.620361,1082.138672,1078.747681
363,717.0,1090.724976,1081.620361,1082.138672
364,717.0,1084.607178,1090.724976,1081.620361
365,718.0,1097.341675,1084.607178,1090.724976
366,719.0,1088.765625,1097.341675,1084.607178
367,720.0,1097.082153,1088.765625,1097.341675
368,722.0,1091.624634,1097.082153,1088.765625
369,723.0,1096.169434,1091.624634,1097.082153
370,723.0,1113.535156,1096.169434,1091.624634
371,724.0,1105.891113,1113.535156,1096.169434
372,1372.0,1102.651733,1105.891113,1113.535156
362,730.0,1052.004272,984.126709,960.6625977
363,730.0,1061.832764,1052.004272,984.126709
364,730.0,1079.851807,1061.832764,1052.004272
365,729.0,1084.928955,1079.851807,1061.832764
366,729.0,1082.715088,1084.928955,1079.851807
367,730.0,1090.780884,1082.715088,1084.928955
368,730.0,1096.497681,1090.780884,1082.715088
369,730.0,1092.340698,1096.497681,1090.780884
370,731.0,1098.053589,1092.340698,1096.497681
371,732.0,1097.787842,1098.053589,1092.340698
372,733.0,1103.36792,1097.787842,1098.053589
326,776.0,871.0695801,887.7454834,913.4735107
327,780.0,857.3688965,871.0695801,887.7454834
328,783.0,855.4241943,857.3688965,871.0695801
329,785.0,859.8581543,855.4241943,857.3688965
330,786.0,835.3613281,859.8581543,855.4241943
331,787.0,822.3486328,835.3613281,859.8581543
332,787.0,812.939209,822.3486328,835.3613281
333,787.0,805.7521973,812.939209,822.3486328
334,787.0,797.1398926,805.7521973,812.939209
335,786.0,808.145874,797.1398926,805.7521973
336,786.0,795.5871582,808.145874,797.1398926
337,785.0,785.8010254,795.5871582,808.145874
338,784.0,776.8459473,785.8010254,795.5871582
339,783.0,771.1442871,776.8459473,785.8010254
340,781.0,766.2922363,771.1442871,776.8459473
341,780.0,768.288208,766.2922363,771.1442871
342,779.0,779.8305664,768.288208,766.2922363
343,778.0,763.7166748,779.8305664,768.288208
395,714.0,1066.586548,1064.36499,1055.982056
396,712.0,1071.418701,1066.586548,1064.36499
397,712.0,1070.897583,1071.418701,1066.586548
398,712.0,1070.769409,1070.897583,1071.418701
399,713.0,1068.289185,1070.769409,1070.897583
400,714.0,1068.157349,1068.289185,1070.769409
401,716.0,1073.381592,1068.157349,1068.289185
402,716.0,1077.946533,1073.381592,1068.157349
403,717.0,1093.689697,1077.946533,1073.381592
404,717.0,1090.830933,1093.689697,1077.946533
366,732.0,921.2304688,886.3583984,885.2647705
367,732.0,950.611084,921.2304688,886.3583984
368,731.0,963.6727295,950.611084,921.2304688
369,731.0,970.7875977,963.6727295,950.611084
370,731.0,975.8857422,970.7875977,963.6727295
371,732.0,980.4367676,975.8857422,970.7875977
372,732.0,981.1096191,980.4367676,975.8857422
373,732.0,985.7880859,981.1096191,980.4367676
374,733.0,993.2617188,985.7880859,981.1096191
375,734.0,998.8586426,993.2617188,985.7880859
357,767.0,901.1037598,913.8115234,918.8530273
358,766.0,890.2674561,901.1037598,913.8115234
359,764.0,881.3300781,890.2674561,901.1037598
360,763.0,873.8895264,881.3300781,890.2674561
361,762.0,867.3972168,873.8895264,881.3300781
362,760.0,864.6315918,867.3972168,873.8895264
363,759.0,860.4797363,864.6315918,867.3972168
364,758.0,854.098877,860.4797363,864.6315918
365,757.0,848.1142578,854.098877,860.4797363
366,755.0,842.5441895,848.1142578,854.098877
367,754.0,838.0852051,842.5441895,848.1142578
368,753.0,835.5697021,838.0852051,842.5441895
369,752.0,836.1291504,835.5697021,838.0852051
370,751.0,830.3933105,836.1291504,835.5697021
320,761.0,907.6821289,917.2271729,912.8632813
321,761.0,895.3679199,907.6821289,917.2271729
322,761.0,885.3457031,895.3679199,907.6821289
323,761.0,876.9438477,885.3457031,895.3679199
324,760.0,869.9038086,876.9438477,885.3457031
325,760.0,863.9570313,869.9038086,876.9438477
326,759.0,864.9248047,863.9570313,869.9038086
327,759.0,860.355835,864.9248047,863.9570313
328,758.0,853.1420898,860.355835,864.9248047
329,757.0,847.0241699,853.1420898,860.355835
330,757.0,841.4552002,847.0241699,853.1420898
331,756.0,836.9920654,841.4552002,847.0241699
332,755.0,833.7799072,836.9920654,841.4552002
385,753.0,879.5180664,884.2290039,881.7513428
386,752.0,863.800293,879.5180664,884.2290039
387,752.0,855.4871826,863.800293,879.5180664
388,752.0,848.8079834,855.4871826,863.800293
389,751.0,842.6748047,848.8079834,855.4871826
390,751.0,838.4949951,842.6748047,848.8079834
391,750.0,851.0200195,838.4949951,842.6748047
392,750.0,837.2225342,851.0200195,838.4949951
393,750.0,827.7210693,837.2225342,851.0200195
394,749.0,821.9709473,827.7210693,837.2225342
395,749.0,819.3057861,821.9709473,827.7210693
396,749.0,829.6884766,819.3057861,821.9709473
267,758.0,859.7666016,866.8317871,875.9519043
268,757.0,854.076416,859.7666016,866.8317871
269,756.0,848.793457,854.076416,859.7666016
270,756.0,844.3369141,848.793457,854.076416
271,756.0,839.0341797,844.3369141,848.793457
272,755.0,833.8630371,839.0341797,844.3369141
273,755.0,829.244873,833.8630371,839.0341797
274,755.0,824.6192627,829.244873,833.8630371
275,754.0,820.6914063,824.6192627,829.244873
276,754.0,816.1950684,820.6914063,824.6192627
361,750.0,903.0251465,906.3088379,919.6783447
362,749.0,904.1177979,903.0251465,906.3088379
363,749.0,892.3320313,904.1177979,903.0251465
364,749.0,886.5639648,892.3320313,904.1177979
365,749.0,897.5419922,886.5639648,892.3320313
366,749.0,929.5870361,897.5419922,886.5639648
367,748.0,964.6953125,929.5870361,897.5419922
371,711.0,1153.221558,1148.983276,1149.112427
372,712.0,1143.31897,1153.221558,1148.983276
373,713.0,1144.861694,1143.31897,1153.221558
374,715.0,1157.197998,1144.861694,1143.31897
375,716.0,1142.799561,1157.197998,1144.861694
376,718.0,1138.03479,1142.799561,1157.197998
377,721.0,1158.606201,1138.03479,1142.799561
378,724.0,1157.195801,1158.606201,1138.03479
379,727.0,1137.517456,1157.195801,1158.606201
380,728.0,1150.641724,1137.517456,1157.195801
381,730.0,1155.397583,1150.641724,1137.517456
382,731.0,1145.630371,1155.397583,1150.641724
383,732.0,1146.788574,1145.630371,1155.397583
384,733.0,1119.067749,1146.788574,1145.630371
385,734.0,1107.54834,1119.067749,1146.788574
386,735.0,1104.303101,1107.54834,1119.067749
387,736.0,1078.695313,1104.303101,1107.54834
388,738.0,1058.695923,1078.695313,1104.303101
389,738.0,1032.799316,1058.695923,1078.695313
420,712.0,1106.009766,1114.297729,1119.476074
421,713.0,1101.731445,1106.009766,1114.297729
422,714.0,1099.524048,1101.731445,1106.009766
423,715.0,1109.11499,1099.524048,1101.731445
424,716.0,1096.539307,1109.11499,1099.524048
425,716.0,1097.960205,1096.539307,1109.11499
426,717.0,1102.758423,1097.960205,1096.539307
427,716.0,1126.947021,1102.758423,1097.960205
428,717.0,1138.419312,1126.947021,1102.758423
429,717.0,1125.141968,1138.419312,1126.947021
430,717.0,1119.202759,1125.141968,1138.419312
431,717.0,1113.005981,1119.202759,1125.141968
432,717.0,1117.410767,1113.005981,1119.202759
433,717.0,1107.188599,1117.410767,1113.005981
434,718.0,1112.371826,1107.188599,1117.410767
435,720.0,1114.058838,1112.371826,1107.188599
436,721.0,1117.287842,1114.058838,1112.371826
437,722.0,1111.076904,1117.287842,1114.058838
438,723.0,1111.203613,1111.076904,1117.287842
455,743.0,994.25354,992.2590332,1060.689087
456,744.0,982.2414551,994.25354,992.2590332
457,745.0,964.8208008,982.2414551,994.25354
458,745.0,953.5270996,964.8208008,982.2414551
459,746.0,932.442627,953.5270996,964.8208008
460,746.0,968.3288574,932.442627,953.5270996
461,746.0,955.9545898,968.3288574,932.442627
462,747.0,917.2191162,955.9545898,968.3288574
463,747.0,934.8804932,917.2191162,955.9545898
464,748.0,945.9681396,934.8804932,917.2191162
465,748.0,936.9108887,945.9681396,934.8804932
466,748.0,929.050293,936.9108887,945.9681396
467,748.0,927.1417236,929.050293,936.9108887
468,748.0,927.954834,927.1417236,929.050293
469,747.0,917.8920898,927.954834,927.1417236
470,747.0,918.1655273,917.8920898,927.954834
471,745.0,918.5742188,918.1655273,917.8920898
472,744.0,933.1071777,918.5742188,918.1655273
473,744.0,936.4926758,933.1071777,918.5742188
338,695.0,818.2810059,819.9672852,820.5286865
339,706.0,801.1015625,818.2810059,819.9672852
340,709.0,813.4985352,801.1015625,818.2810059
341,709.0,854.1650391,813.4985352,801.1015625
342,709.0,939.9626465,854.1650391,813.4985352
343,708.0,998.9990234,939.9626465,854.1650391
344,707.0,1028.683716,998.9990234,939.9626465
345,707.0,1041.468872,1028.683716,998.9990234
346,705.0,1041.337402,1041.468872,1028.683716
347,705.0,1046.467407,1041.337402,1041.468872
348,705.0,1053.166138,1046.467407,1041.337402
349,706.0,1059.720947,1053.166138,1046.467407
422,707.0,1108.045654,1115.808594,1116.9729
423,708.0,1107.008911,1108.045654,1115.808594
424,709.0,1111.672485,1107.008911,1108.045654
425,710.0,1124.080322,1111.672485,1107.008911
426,710.0,1122.146973,1124.080322,1111.672485
427,711.0,1125.378052,1122.146973,1124.080322
428,712.0,1128.087402,1125.378052,1122.146973
429,713.0,1128.737793,1128.087402,1125.378052
430,713.0,1124.992432,1128.737793,1128.087402
431,714.0,1119.827026,1124.992432,1128.737793
432,715.0,1079.736938,1119.827026,1124.992432
433,716.0,948.9165039,1079.736938,1119.827026
434,717.0,896.8227539,948.9165039,1079.736938
435,719.0,868.5994873,896.8227539,948.9165039
436,720.0,847.3723145,868.5994873,896.8227539
437,721.0,822.3618164,847.3723145,868.5994873
438,722.0,809.2893066,822.3618164,847.3723145
439,722.0,817.0246582,809.2893066,822.3618164
440,722.0,786.5294189,817.0246582,809.2893066
399,721.0,1110.30481,1098.377441,1096.951416
400,722.0,1117.811768,1110.30481,1098.377441
401,723.0,1108.371704,1117.811768,1110.30481
402,725.0,1103.842285,1108.371704,1117.811768
403,726.0,1093.719604,1103.842285,1108.371704
22,392.0,676.1945801,582.1262207,431.2073975
23,390.0,706.9000244,676.1945801,582.1262207
24,392.0,763.8566895,706.9000244,676.1945801
25,398.0,807.9885254,763.8566895,706.9000244
26,403.0,793.1594238,807.9885254,763.8566895
27,410.0,804.8897705,793.1594238,807.9885254
28,420.0,835.762207,804.8897705,793.1594238
29,430.0,840.3718262,835.762207,804.8897705
30,438.0,833.5302734,840.3718262,835.762207
31,445.0,829.1972656,833.5302734,840.3718262
32,451.0,827.7956543,829.1972656,833.5302734
33,456.0,828.0825195,827.7956543,829.1972656
34,461.0,829.4831543,828.0825195,827.7956543
35,469.0,850.2705078,829.4831543,828.0825195
36,476.0,856.3846436,850.2705078,829.4831543
37,485.0,863.3175049,856.3846436,850.2705078
38,492.0,860.6882324,863.3175049,856.3846436
39,500.0,843.8811035,860.6882324,863.3175049
40,512.0,867.6171875,843.8811035,860.6882324
41,520.0,881.9663086,867.6171875,843.8811035
42,532.0,868.1694336,881.9663086,867.6171875
43,538.0,864.5726318,868.1694336,881.9663086
44,547.0,860.1392822,864.5726318,868.1694336
45,555.0,885.8205566,860.1392822,864.5726318
46,559.0,854.4541016,885.8205566,860.1392822
47,568.0,861.666626,854.4541016,885.8205566
48,572.0,871.348877,861.666626,854.4541016
49,582.0,878.5236816,871.348877,861.666626
50,586.0,902.0080566,878.5236816,871.348877
51,589.0,881.142334,902.0080566,878.5236816
52,595.0,883.3464355,881.142334,902.0080566
53,598.0,888.2987061,883.3464355,881.142334
54,608.0,890.222168,888.2987061,883.3464355
55,612.0,925.3310547,890.222168,888.2987061
56,616.0,908.8496094,925.3310547,890.222168
57,621.0,916.6282959,908.8496094,925.3310547
58,623.0,899.8286133,916.6282959,908.8496094
59,628.0,914.1774902,899.8286133,916.6282959
60,628.0,907.2166748,914.1774902,899.8286133
61,633.0,906.6729736,907.2166748,914.1774902
62,636.0,916.9102783,906.6729736,907.2166748
63,640.0,905.7211914,916.9102783,906.6729736
64,646.0,912.8225098,905.7211914,916.9102783
65,646.0,894.0817871,912.8225098,905.7211914
66,651.0,902.1668701,894.0817871,912.8225098
67,654.0,923.7192383,902.1668701,894.0817871
68,660.0,910.5134277,923.7192383,902.1668701
69,666.0,930.3803711,910.5134277,923.7192383
70,665.0,917.8791504,930.3803711,910.5134277
71,673.0,923.7255859,917.8791504,930.3803711
72,674.0,929.7026367,923.7255859,917.8791504
73,680.0,934.9890137,929.7026367,923.7255859
74,685.0,942.2963867,934.9890137,929.7026367
75,686.0,933.9030762,942.2963867,934.9890137
76,693.0,939.0498047,933.9030762,942.2963867
77,693.0,946.3508301,939.0498047,933.9030762
78,698.0,948.6499023,946.3508301,939.0498047
79,701.0,953.6402588,948.6499023,946.3508301
80,702.0,945.0053711,953.6402588,948.6499023
81,708.0,955.1228027,945.0053711,953.6402588
82,709.0,927.8012695,955.1228027,945.0053711
83,714.0,938.920166,927.8012695,955.1228027
84,716.0,951.4838867,938.920166,927.8012695
85,722.0,949.0605469,951.4838867,938.920166
86,726.0,966.291626,949.0605469,951.4838867
87,727.0,944.8724365,966.291626,949.0605469
88,731.0,951.0854492,944.8724365,966.291626
89,731.0,959.9781494,951.0854492,944.8724365
90,740.0,962.4000244,959.9781494,951.0854492
91,742.0,983.0429688,962.4000244,959.9781494
92,742.0,977.1550293,983.0429688,962.4000244
93,747.0,981.8369141,977.1550293,983.0429688
94,747.0,976.4819336,981.8369141,977.1550293
95,752.0,974.4705811,976.4819336,981.8369141
96,752.0,976.34375,974.4705811,976.4819336
97,755.0,972.7255859,976.34375,974.4705811
98,762.0,988.2397461,972.7255859,976.34375
99,761.0,958.7553711,988.2397461,972.7255859
100,766.0,968.5644531,958.7553711,988.2397461
101,764.0,977.4101563,968.5644531,958.7553711
102,772.0,975.4016113,977.4101563,968.5644531
103,776.0,998.7668457,975.4016113,977.4101563
104,776.0,980.2218018,998.7668457,975.4016113
105,781.0,982.7652588,980.2218018,998.7668457
106,778.0,983.7010498,982.7652588,980.2218018
107,787.0,986.1072998,983.7010498,982.7652588
108,787.0,1002.095337,986.1072998,983.7010498
109,789.0,997.7055664,1002.095337,986.1072998
110,794.0,1003.694824,997.7055664,1002.095337
111,793.0,987.9822998,1003.694824,997.7055664
112,802.0,991.4522705,987.9822998,1003.694824
113,800.0,982.3735352,991.4522705,987.9822998
114,803.0,988.3818359,982.3735352,991.4522705
115,808.0,997.5739746,988.3818359,982.3735352
116,811.0,984.1037598,997.5739746,988.3818359
117,817.0,997.3062744,984.1037598,997.5739746
118,812.0,992.7753906,997.3062744,984.1037598
119,823.0,999.0327148,992.7753906,997.3062744
120,825.0,1014.303467,999.0327148,992.7753906
121,827.0,1005.947144,1014.303467,999.0327148
122,832.0,1009.930176,1005.947144,1014.303467
123,829.0,997.0371094,1009.930176,1005.947144
124,841.0,1004.883667,997.0371094,1009.930176
125,840.0,1015.496826,1004.883667,997.0371094
126,844.0,1012.316772,1015.496826,1004.883667
127,849.0,1020.660645,1012.316772,1015.496826
128,848.0,999.8321533,1020.660645,1012.316772
129,861.0,1002.492676,999.8321533,1020.660645
130,857.0,989.0438232,1002.492676,999.8321533
131,860.0,997.8381348,989.0438232,1002.492676
132,864.0,1015.631836,997.8381348,989.0438232
133,872.0,1006.618896,1015.631836,997.8381348
134,877.0,1012.591064,1006.618896,1015.631836
135,871.0,1004.48999,1012.591064,1006.618896
136,879.0,1011.3927,1004.48999,1012.591064
137,880.0,1019.605957,1011.3927,1004.48999
138,886.0,1013.380493,1019.605957,1011.3927
139,889.0,1031.49585,1013.380493,1019.605957
140,886.0,1022.64624,1031.49585,1013.380493
141,896.0,1017.088135,1022.64624,1031.49585
142,897.0,1006.613281,1017.088135,1022.64624
143,900.0,1015.631226,1006.613281,1017.088135
144,904.0,1023.437256,1015.631226,1006.613281
145,910.0,1014.039307,1023.437256,1015.631226
146,915.0,1020.395874,1014.039307,1023.437256
147,912.0,1009.134888,1020.395874,1014.039307
148,915.0,1019.737183,1009.134888,1020.395874
149,917.0,1026.745483,1019.737183,1009.134888
150,925.0,1019.739258,1026.745483,1019.737183
151,928.0,1055.694946,1019.739258,1026.745483
152,927.0,1037.562744,1055.694946,1019.739258
153,934.0,1038.354248,1037.562744,1055.694946
154,927.0,1044.540649,1038.354248,1037.562744
155,930.0,1037.696411,1044.540649,1038.354248
156,932.0,1042.706421,1037.696411,1044.540649
157,920.0,1035.857666,1042.706421,1037.696411
158,925.0,1040.199707,1035.857666,1042.706421
159,914.0,1019.479492,1040.199707,1035.857666
160,914.0,1032.688965,1019.479492,1040.199707
161,909.0,1037.828613,1032.688965,1019.479492
162,906.0,1044.407471,1037.828613,1032.688965
163,897.0,1056.484375,1044.407471,1037.828613
164,880.0,1035.192505,1056.484375,1044.407471
165,873.0,1048.874268,1035.192505,1056.484375
166,859.0,1060.413818,1048.874268,1035.192505
167,849.0,1057.928223,1060.413818,1048.874268
168,829.0,1066.962769,1057.928223,1060.413818
169,809.0,1057.799927,1066.962769,1057.928223
170,798.0,1056.619995,1057.799927,1066.962769
171,785.0,1051.900269,1056.619995,1057.799927
172,772.0,1057.407837,1051.900269,1056.619995
173,759.0,1055.179077,1057.407837,1051.900269
174,752.0,1066.178589,1055.179077,1057.407837
175,743.0,1077.143921,1066.178589,1055.179077
176,736.0,1061.730957,1077.143921,1066.178589
177,729.0,1067.880859,1061.730957,1077.143921
178,724.0,1072.581177,1067.880859,1061.730957
179,720.0,1070.101196,1072.581177,1067.880859
180,716.0,1087.690918,1070.101196,1072.581177
181,712.0,1086.779663,1087.690918,1070.101196
184,716.0,1081.572876,1071.665039,1071.926025
185,715.0,1077.011719,1081.572876,1071.665039
186,713.0,1076.360107,1077.011719,1081.572876
187,711.0,1091.460693,1076.360107,1077.011719
188,709.0,1070.231445,1091.460693,1076.360107
189,706.0,1080.665649,1070.231445,1091.460693
190,704.0,1080.798096,1080.665649,1070.231445
191,703.0,1076.108643,1080.798096,1080.665649
192,702.0,1118.16748,1076.108643,1080.798096
193,702.0,1119.329468,1118.16748,1076.108643
194,702.0,1097.184448,1119.329468,1118.16748
195,704.0,1094.589233,1097.184448,1119.329468
196,705.0,1099.268677,1094.589233,1097.184448
197,708.0,1095.89563,1099.268677,1094.589233
198,710.0,1091.347656,1095.89563,1099.268677
199,713.0,1098.617188,1091.347656,1095.89563
200,715.0,1083.930054,1098.617188,1091.347656
201,717.0,1090.172485,1083.930054,1098.617188
202,718.0,1098.87207,1090.172485,1083.930054
203,719.0,1108.205688,1098.87207,1090.172485
204,720.0,1114.547974,1108.205688,1098.87207
205,722.0,1117.393188,1114.547974,1108.205688
206,725.0,1097.964355,1117.393188,1114.547974
207,729.0,1085.098755,1097.964355,1117.393188
208,732.0,1096.279053,1085.098755,1097.964355
209,735.0,1098.223999,1096.279053,1085.098755
210,738.0,1106.134155,1098.223999,1096.279053
211,741.0,1113.904297,1106.134155,1098.223999
212,742.0,1092.384521,1113.904297,1106.134155
213,744.0,1099.654419,1092.384521,1113.904297
214,746.0,1100.562744,1099.654419,1092.384521
215,747.0,1085.102173,1100.562744,1099.654419
216,749.0,1119.596802,1085.102173,1100.562744
217,751.0,1120.122803,1119.596802,1085.102173
218,752.0,1105.754883,1120.122803,1119.596802
219,752.0,1085.498413,1105.754883,1120.122803
220,751.0,1104.327148,1085.498413,1105.754883
221,750.0,1114.815186,1104.327148,1085.498413
222,750.0,1102.900635,1114.815186,1104.327148
223,750.0,1119.985229,1102.900635,1114.815186
224,751.0,1109.764648,1119.985229,1102.900635
225,751.0,1115.847778,1109.764648,1119.985229
226,752.0,1069.214233,1115.847778,1109.764648
227,753.0,1098.743652,1069.214233,1115.847778
228,753.0,1128.888672,1098.743652,1069.214233
229,753.0,1118.944214,1128.888672,1098.743652
230,752.0,1111.314575,1118.944214,1128.888672
231,751.0,1103.674194,1111.314575,1118.944214
232,750.0,1114.164185,1103.674194,1111.314575
233,747.0,1103.417236,1114.164185,1103.674194
234,744.0,1110.801147,1103.417236,1114.164185
235,740.0,1126.571777,1110.801147,1103.417236
236,736.0,1105.752197,1126.571777,1110.801147
237,728.0,1107.696411,1105.752197,1126.571777
238,723.0,1108.865356,1107.696411,1105.752197
239,722.0,1105.627563,1108.865356,1107.696411
240,719.0,1129.543213,1105.627563,1108.865356
241,718.0,1127.47998,1129.543213,1105.627563
242,718.0,1135.212646,1127.47998,1129.543213
243,717.0,1130.053467,1135.212646,1127.47998
244,718.0,1110.798462,1130.053467,1135.212646
245,718.0,1093.031738,1110.798462,1130.053467
246,718.0,1117.911865,1093.031738,1110.798462
247,719.0,1127.599976,1117.911865,1093.031738
248,719.0,1106.912598,1127.599976,1117.911865
251,717.0,1111.700928,1111.702271,1114.420166
252,716.0,1130.434692,1111.700928,1111.702271
253,718.0,1120.49585,1130.434692,1111.700928
254,720.0,1119.46228,1120.49585,1130.434692
255,721.0,1109.244751,1119.46228,1120.49585
256,721.0,1104.063965,1109.244751,1119.46228
257,722.0,1097.578857,1104.063965,1109.244751
258,722.0,1107.047852,1097.578857,1104.063965
259,722.0,1134.827515,1107.047852,1097.578857
260,723.0,1117.664429,1134.827515,1107.047852
261,724.0,1112.61731,1117.664429,1134.827515
262,724.0,1109.121582,1112.61731,1117.664429
263,724.0,1126.312744,1109.121582,1112.61731
264,725.0,1133.406738,1126.312744,1109.121582
265,728.0,1099.007446,1133.406738,1126.312744
266,730.0,1123.082886,1099.007446,1133.406738
267,732.0,1120.885376,1123.082886,1099.007446
268,734.0,1106.65332,1120.885376,1123.082886
269,736.0,1130.177979,1106.65332,1120.885376
270,738.0,1142.80249,1130.177979,1106.65332
271,740.0,1141.384399,1142.80249,1130.177979
272,742.0,1088.869507,1141.384399,1142.80249
273,744.0,1112.605713,1088.869507,1141.384399
274,746.0,1113.898804,1112.605713,1088.869507
275,748.0,1111.053467,1113.898804,1112.605713
276,750.0,1139.070313,1111.053467,1113.898804
277,752.0,1143.57605,1139.070313,1111.053467
278,754.0,1135.077271,1143.57605,1139.070313
279,756.0,1091.602173,1135.077271,1143.57605
280,758.0,1122.306519,1091.602173,1135.077271
281,760.0,1125.928223,1122.306519,1091.602173
282,761.0,1096.807861,1125.928223,1122.306519
283,763.0,1133.150757,1096.807861,1125.928223
284,765.0,1125.021118,1133.150757,1096.807861
285,766.0,1128.760864,1125.021118,1133.150757
286,767.0,1106.004639,1128.760864,1125.021118
287,769.0,1133.915771,1106.004639,1128.760864
288,771.0,1132.627197,1133.915771,1106.004639
289,771.0,1124.75708,1132.627197,1133.915771
290,773.0,1136.620483,1124.75708,1132.627197
291,774.0,1102.518066,1136.620483,1124.75708
292,775.0,1015.801758,1102.518066,1136.620483
293,777.0,953.2731934,1015.801758,1102.518066
294,778.0,910.956665,953.2731934,1015.801758
373,660.0,1147.834229,1135.991943,1135.222168
373,697.0,1113.12439,,
374,699.0,1106.909058,,
102,237.0,601.1601563,,
103,233.0,620.0561523,,
104,229.0,646.2695923,,
105,225.0,643.5981445,,
106,221.0,683.138916,,
107,219.0,693.3897095,,
108,217.0,743.2661133,,
109,216.0,845.8538818,,
110,216.0,789.9494629,,
111,216.0,857.3885498,,
112,215.0,833.7175293,,
113,215.0,813.105835,,
114,215.0,871.9233398,,
115,215.0,825.7412109,,
116,215.0,851.0019531,,
117,215.0,878.9638672,,
118,215.0,854.760498,,
119,216.0,842.6555176,,
120,217.0,839.7294922,,
121,217.0,853.2329102,,
122,218.0,878.8308105,,
123,218.0,856.7050781,,
124,218.0,851.9880371,,
125,218.0,914.6081543,,
126,219.0,846.8457031,,
127,219.0,865.99646,,
128,220.0,904.5152588,,
129,221.0,844.7644043,,
130,221.0,877.8861084,,
131,221.0,887.9362793,,
132,222.0,858.2561035,,
133,223.0,885.3267822,,
134,224.0,870.9904785,,
135,225.0,852.0140381,,
136,226.0,861.1734619,,
137,227.0,883.68396,,
138,227.0,863.5307617,,
139,228.0,847.0112305,,
140,230.0,871.1364746,,
141,231.0,889.0478516,,
142,231.0,873.6223145,,
143,232.0,863.675293,,
144,234.0,887.8166504,,
145,236.0,914.3735352,,
146,237.0,896.6049805,,
147,237.0,869.487793,,
148,238.0,861.4584961,,
149,239.0,859.6586914,,
150,239.0,862.8481445,,
151,240.0,869.0770264,,
152,240.0,869.3596191,,
153,241.0,863.9665527,,
154,241.0,870.4688721,,
155,242.0,867.9812012,,
156,242.0,873.3719482,,
157,243.0,879.855957,,
158,244.0,887.7022705,,
159,245.0,895.3916016,,
160,245.0,896.8991699,,
161,246.0,896.6311035,,
162,247.0,882.2091064,,
163,248.0,885.2351074,,
164,249.0,885.2325439,,
165,251.0,884.9560547,,
166,252.0,881.7901611,,
167,253.0,880.8256836,,
168,254.0,884.1290283,,
169,255.0,882.4785156,,
170,256.0,884.6835938,,
171,258.0,884.4101563,,
172,259.0,884.2751465,,
173,260.0,892.9355469,,
174,262.0,890.6044922,,
175,263.0,895.2718506,,
176,265.0,901.9880371,,
177,267.0,912.5112305,,
178,269.0,912.3833008,,
179,271.0,909.7888184,,
180,274.0,908.418335,,
181,277.0,907.4692383,,
182,280.0,907.7434082,,
183,282.0,873.8248291,,
184,285.0,846.2370605,,
185,288.0,835.7790527,,
186,291.0,832.7033691,,
187,293.0,826.824707,,
188,296.0,833.6816406,,
189,299.0,841.3587646,,
190,301.0,846.7912598,,
191,304.0,853.7440186,,
192,307.0,860.4055176,,
193,309.0,856.3858643,,
194,311.0,868.4370117,,
195,314.0,870.6516113,,
196,317.0,875.348999,,
197,321.0,868.9967041,,
198,325.0,872.5881348,,
199,329.0,870.6553955,,
200,333.0,867.614502,,
201,337.0,866.3692627,,
202,341.0,860.9663086,,
203,344.0,855.4179688,,
204,348.0,852.638916,,
205,351.0,846.1062012,,
206,354.0,847.9133301,,
207,357.0,845.5487061,,
208,360.0,847.9144287,,
209,363.0,848.3303223,,
210,366.0,849.440918,,
211,368.0,852.4991455,,
212,370.0,859.8571777,,
213,373.0,867.0635986,,
214,375.0,870.935791,,
215,377.0,874.8071289,,
216,378.0,879.6361084,,
217,380.0,879.4992676,,
218,380.0,885.0048828,,
219,381.0,881.5649414,,
220,382.0,882.5258789,,
221,383.0,879.4968262,,
222,384.0,873.7023926,,
223,385.0,871.2182617,,
224,385.0,870.6638184,,
225,386.0,866.2409668,,
226,387.0,865.6845703,,
227,388.0,861.52771,,
228,389.0,861.6662598,,
229,390.0,859.3085938,,
230,391.0,848.8903809,,
231,392.0,855.2824707,,
232,393.0,865.9538574,,
233,394.0,861.3848877,,
234,394.0,861.6634521,,
235,395.0,864.1578369,,
236,396.0,868.4482422,,
237,397.0,872.1821289,,
238,398.0,876.8757324,,
239,399.0,881.2868652,,
240,400.0,887.4790039,,
241,402.0,892.1503906,,
242,403.0,870.1120605,,
243,404.0,862.5026855,,
244,406.0,864.7167969,,
245,407.0,860.4230957,,
246,409.0,855.8466797,,
247,410.0,852.5107422,,
248,412.0,848.7536621,,
249,414.0,841.5117188,,
250,416.0,844.715332,,
251,417.0,840.5327148,,
252,419.0,837.3238525,,
253,421.0,837.6015625,,
254,422.0,843.7414551,,
255,424.0,851.5341797,,
256,426.0,854.4521484,,
257,428.0,856.3979492,,
258,430.0,855.7038574,,
259,431.0,861.5300293,,
260,433.0,867.6228027,,
261,435.0,873.1513672,,
262,436.0,879.2202148,,
263,438.0,880.7370605,,
264,440.0,881.0102539,,
265,441.0,885.5511475,,
266,443.0,877.6972656,,
267,445.0,871.8981934,,
268,446.0,871.6247559,,
269,448.0,872.1741943,,
270,449.0,868.3027344,,
271,451.0,861.2407227,,
272,452.0,857.4956055,,
273,454.0,853.8859863,,
274,456.0,850.1315918,,
275,458.0,850.6884766,,
276,460.0,855.550293,,
277,462.0,855.1361084,,
278,464.0,858.6064453,,
279,465.0,863.5955811,,
280,468.0,869.130127,,
281,469.0,874.7946777,,
282,471.0,876.0371094,,
283,473.0,883.4763184,,
284,474.0,888.427002,,
285,476.0,894.8789063,,
286,478.0,895.5645752,,
287,480.0,893.9179688,,
288,481.0,891.4448242,,
289,483.0,891.170166,,
290,485.0,884.1604004,,
291,486.0,880.5788574,,
292,488.0,874.095459,,
293,490.0,872.7120361,,
294,492.0,870.5026855,,
295,493.0,867.8754883,,
296,495.0,867.1855469,,
297,497.0,868.980957,,
298,498.0,870.7734375,,
299,501.0,876.0212402,,
300,503.0,880.7070313,,
301,505.0,883.3265381,,
302,507.0,889.6525879,,
303,509.0,888.8291016,,
304,511.0,898.1630859,,
305,513.0,905.4150391,,
306,516.0,907.6053467,,
307,519.0,916.3352051,,
308,522.0,915.6523438,,
309,525.0,914.6966553,,
310,529.0,907.190918,,
311,532.0,908.149292,,
312,535.0,902.4058838,,
313,539.0,895.5552979,,
314,543.0,887.3134766,,
315,546.0,883.048584,,
316,550.0,884.1501465,,
317,553.0,881.9464111,,
318,557.0,879.604126,,
319,560.0,881.1171875,,
320,563.0,879.3261719,,
321,566.0,882.770752,,
322,569.0,890.0603027,,
323,572.0,893.3560791,,
324,575.0,898.0202637,,
325,578.0,905.822876,,
326,581.0,908.6914063,,
327,584.0,914.425415,,
328,588.0,918.6501465,,
329,592.0,920.6904297,,
330,596.0,921.9128418,,
331,599.0,920.5527344,,
332,601.0,920.5505371,,
333,604.0,914.826416,,
334,606.0,910.7304688,,
335,608.0,905.2634277,,
336,610.0,897.050415,,
337,612.0,890.875,,
338,613.0,887.4388428,,
339,615.0,886.2028809,,
340,616.0,885.5131836,,
341,617.0,886.4770508,,
342,618.0,886.2019043,,
343,620.0,892.3830566,,
344,621.0,895.4025879,,
345,622.0,900.2049561,,
346,623.0,900.8895264,,
347,623.0,902.8061523,,
348,624.0,909.2332764,,
349,624.0,912.2382813,,
350,625.0,917.8278809,,
351,626.0,920.8215332,,
352,626.0,919.8686523,,
353,627.0,919.3220215,,
354,627.0,916.0494385,,
355,626.0,911.5500488,,
356,627.0,911.5522461,,
357,628.0,906.6326904,,
358,629.0,901.8446045,,
359,631.0,897.3238525,,
360,640.0,891.1480713,,
361,646.0,890.0473633,,
362,649.0,887.1623535,,
363,650.0,887.1616211,,
364,650.0,886.6130371,,
365,650.0,889.225708,,
366,651.0,891.8342285,,
367,651.0,896.2246094,,
368,651.0,901.0205078,,
369,650.0,905.128418,,
370,650.0,907.8637695,,
371,650.0,911.4130859,,
372,650.0,917.6849365,,
373,650.0,919.4553223,,
374,650.0,921.2231445,,
375,650.0,922.4482422,,
376,649.0,923.8049316,,
377,649.0,922.4422607,,
378,649.0,919.175415,,
379,648.0,912.6318359,,
380,648.0,909.7653809,,
381,647.0,900.4682617,,
382,647.0,896.2191162,,
383,647.0,893.7497559,,
384,647.0,890.7294922,,
385,646.0,890.7329102,,
386,646.0,893.206543,,
387,646.0,889.6386719,,
388,645.0,892.5213623,,
389,645.0,896.4997559,,
390,645.0,899.3791504,,
391,644.0,904.173584,,
392,644.0,908.6829834,,
393,644.0,908.2747803,,
394,644.0,910.8681641,,
395,643.0,918.5026855,,
396,643.0,921.0895996,,
397,643.0,919.1855469,,
398,643.0,924.6225586,,
399,642.0,923.2593994,,
400,642.0,919.994873,,
401,642.0,922.5783691,,
402,641.0,916.9958496,,
403,641.0,906.3520508,,
404,641.0,902.9343262,,
405,641.0,896.3596191,,
406,640.0,893.7553711,,
407,640.0,893.6181641,,
408,640.0,891.9735107,,
409,640.0,893.7583008,,
410,640.0,892.6641846,,
411,640.0,896.0948486,,
412,640.0,898.2905273,,
413,639.0,904.0396729,,
414,639.0,909.5036621,,
415,639.0,911.5524902,,
416,639.0,914.6888428,,
417,639.0,920.9525146,,
418,639.0,926.2529297,,
419,639.0,922.7175293,,
420,639.0,923.8031006,,
421,639.0,923.5297852,,
422,639.0,923.2583008,,
423,639.0,919.4455566,,
424,639.0,916.1740723,,
425,639.0,909.8996582,,
426,639.0,900.6016846,,
427,639.0,900.8760986,,
428,639.0,896.9061279,,
429,639.0,894.0244141,,
430,639.0,895.5334473,,
431,639.0,893.8928223,,
432,639.0,892.520752,,
433,639.0,898.6931152,,
434,639.0,903.6230469,,
435,639.0,907.314209,,
436,639.0,908.4069824,,
437,639.0,912.5021973,,
438,639.0,914.137207,,
439,639.0,912.2286377,,
440,639.0,918.3608398,,
441,639.0,920.4005127,,
442,639.0,928.5571289,,
443,639.0,930.3200684,,
444,639.0,927.7373047,,
445,639.0,925.4274902,,
446,639.0,918.894043,,
447,639.0,915.0787354,,
448,639.0,912.2163086,,
449,639.0,906.3461914,,
450,639.0,900.0549316,,
451,639.0,896.21875,,
452,639.0,894.7163086,,
453,639.0,897.729248,,
454,639.0,899.3753662,,
455,639.0,899.1065674,,
456,639.0,903.0762939,,
457,639.0,907.449707,,
460,639.0,916.8654785,,
461,639.0,918.2261963,,
462,639.0,926.2493896,,
463,640.0,923.935791,,
464,640.0,925.9715576,,
465,640.0,922.9777832,,
466,640.0,923.6550293,,
467,640.0,913.0314941,,
470,640.0,900.7359619,,
471,640.0,903.1998291,,
472,640.0,900.0541992,,
473,640.0,900.8741455,,
474,640.0,893.1984863,,
475,640.0,893.6115723,,
476,640.0,895.5349121,,
477,640.0,901.0164795,,
478,640.0,899.7873535,,
479,640.0,906.4912109,,
480,640.0,910.864502,,
481,640.0,913.4567871,,
484,640.0,925.0244141,,
485,640.0,917.8112793,,
486,641.0,917.1287842,,
487,641.0,918.8999023,,
488,641.0,921.6204834,,
491,640.0,908.1264648,,
492,640.0,902.932373,,
493,640.0,898.0029297,,
494,640.0,896.6368408,,
495,641.0,896.5029297,,
496,641.0,893.901123,,
497,641.0,894.9993896,,
498,641.0,891.567627,,
499,641.0,895.6835938,,
500,641.0,895.1373291,,
501,641.0,903.220459,,
502,641.0,909.50354,,
503,641.0,953.5910645,,
504,641.0,924.6220703,,
505,642.0,968.6472168,,
506,642.0,1004.965088,,
507,642.0,1001.906494,,
508,642.0,1071.334839,,
509,642.0,991.1186523,,
510,643.0,1001.241577,,
511,643.0,994.7209473,,
512,643.0,1007.619385,,
513,643.0,1001.906738,,
514,643.0,998.9837646,,
515,643.0,1053.544922,,
516,644.0,1037.773804,,
517,644.0,1002.05542,,
518,644.0,999.927002,,
519,644.0,1017.317871,,
520,644.0,1036.863037,,
521,644.0,996.7390137,,
522,644.0,1044.495605,,
523,644.0,1028.421997,,
524,645.0,1059.979492,,
525,645.0,1051.591309,,
526,645.0,1046.730225,,
527,645.0,1098.555786,,
528,645.0,1050.278198,,
529,645.0,1064.432373,,
530,645.0,1075.791138,,
531,646.0,1068.743896,,
532,646.0,1126.637451,,
533,646.0,1066.655273,,
534,646.0,1073.96814,,
535,646.0,1078.272583,,
536,646.0,1077.231323,,
537,647.0,1086.607422,,
538,647.0,1084.269531,,
539,647.0,1087.915405,,
540,647.0,1068.891846,,
541,647.0,1090.650391,,
542,647.0,1056.982788,,
543,647.0,1066.151489,,
544,648.0,1116.967163,,
545,649.0,1084.669312,,
546,649.0,1086.886108,,
547,649.0,1087.276489,,
548,649.0,1086.104492,,
549,648.0,1099.872803,,
550,648.0,1098.703613,,
551,648.0,1103.243408,,
239,783.0,815.5924072,,
240,783.0,831.7145996,,
241,782.0,823.1729736,,
242,781.0,807.0087891,,
243,780.0,797.128418,,
244,778.0,792.0350342,,
245,775.0,796.1369629,,
246,772.0,811.2327881,,
247,770.0,790.8979492,,
248,767.0,777.407959,,
249,766.0,769.996582,,
278,730.0,1083.217163,,
279,735.0,1107.75647,,
280,739.0,1088.288574,,
281,742.0,1036.856812,,
282,743.0,967.5974121,,
283,743.0,963.9541016,,
284,740.0,960.5925293,,
285,737.0,960.1882324,,
286,734.0,973.6162109,,
77,689.0,1093.651611,,
78,690.0,1081.038818,,
79,691.0,1112.196655,,
80,691.0,1119.567627,,
81,693.0,1113.492065,,
82,694.0,1088.85144,,
83,695.0,1067.608276,,
84,696.0,1083.388428,,
85,697.0,1081.30542,,
86,699.0,1057.927124,,
87,700.0,1001.454834,,
88,702.0,1003.305908,,
89,704.0,1015.778931,,
90,705.0,1012.992676,,
91,707.0,1003.433594,,
92,708.0,1005.0271,,
93,708.0,1007.284668,,
94,709.0,998.1092529,,
112,730.0,1107.00708,,
113,732.0,1086.238159,,
114,733.0,1118.266602,,
115,736.0,1106.878784,,
116,737.0,1071.25415,,
117,739.0,1056.078979,,
118,741.0,1019.071045,,
119,743.0,1005.149658,,
120,744.0,984.2355957,,
121,745.0,957.9527588,,
122,747.0,937.1583252,,
123,747.0,946.3571777,,
124,748.0,911.4714355,,
125,748.0,914.4698486,,
126,748.0,923.9975586,,
127,749.0,921.2766113,,
128,749.0,915.2833252,,
129,750.0,899.020752,,
130,751.0,865.7045898,,
131,751.0,890.2384033,,
132,751.0,889.8254395,,
133,750.0,934.8439941,,
134,750.0,860.5727539,,
387,696.0,998.6748047,,
388,697.0,1009.442261,,
389,697.0,1021.234863,,
390,697.0,1051.139648,,
391,698.0,1064.122559,,
392,698.0,1068.695313,,
393,699.0,1050.359619,,
394,700.0,1007.196045,,
395,700.0,1009.584351,,
396,700.0,1013.561035,,
397,701.0,1040.766479,,
398,701.0,1057.964722,,
399,702.0,1077.046387,,
400,702.0,1071.178589,,
401,703.0,1025.603027,,
402,703.0,1004.933105,,
437,740.0,821.8336182,,
25,424.0,535.8566895,,
26,462.0,555.2219238,,
27,497.0,577.706543,,
28,532.0,635.2108154,,
29,567.0,701.7878418,,
30,597.0,733.8950195,,
31,621.0,737.3045654,,
32,651.0,739.237854,,
33,672.0,742.1247559,,
34,692.0,761.2081299,,
35,712.0,756.4882813,,
36,725.0,762.0095215,,
37,742.0,762.9287109,,
38,755.0,763.8740234,,
39,766.0,779.6147461,,
40,778.0,776.7739258,,
41,791.0,779.3344727,,
42,805.0,782.4641113,,
43,805.0,780.4775391,,
44,806.0,784.7423096,,
45,811.0,786.6552734,,
46,818.0,782.1008301,,
47,819.0,795.0552979,,
48,822.0,798.590332,,
49,824.0,795.6230469,,
50,827.0,790.3272705,,
51,835.0,788.4001465,,
52,833.0,798.0258789,,
53,837.0,800.7089844,,
54,841.0,804.236084,,
55,840.0,804.3811035,,
56,846.0,801.2781982,,
57,847.0,804.0997314,,
58,855.0,809.7294922,,
59,854.0,802.5324707,,
60,852.0,812.6691895,,
61,857.0,806.1784668,,
62,862.0,811.6706543,,
63,869.0,815.7541504,,
64,869.0,816.887085,,
65,865.0,828.6760254,,
66,854.0,801.3935547,,
67,855.0,794.3319092,,
68,843.0,782.0111084,,
69,828.0,762.7756348,,
70,824.0,766.6391602,,
71,832.0,789.3408203,,
72,847.0,798.4589844,,
73,853.0,807.2142334,,
74,856.0,817.2141113,,
75,867.0,812.576416,,
76,870.0,815.25354,,
77,879.0,828.4445801,,
78,881.0,824.3830566,,
79,877.0,830.4116211,,
80,884.0,833.4916992,,
81,885.0,827.2020264,,
82,887.0,836.1583252,,
83,886.0,840.3508301,,
84,884.0,841.604126,,
85,894.0,844.6787109,,
86,896.0,840.2182617,,
87,894.0,845.3774414,,
88,897.0,843.5704346,,
89,900.0,839.0887451,,
90,902.0,840.75354,,
91,906.0,843.6801758,,
92,906.0,855.3581543,,
93,905.0,859.517334,,
94,908.0,851.0439453,,
95,908.0,852.8515625,,
96,910.0,855.0703125,,
97,912.0,850.484375,,
98,907.0,853.6765137,,
99,914.0,857.567749,,
100,909.0,857.291626,,
101,911.0,857.9805908,,
102,914.0,857.0070801,,
103,914.0,864.7653809,,
104,924.0,864.2159424,,
105,921.0,860.7545166,,
106,922.0,871.4121094,,
107,922.0,868.2310791,,
108,926.0,867.5345459,,
109,934.0,872.6500244,,
110,932.0,865.1893311,,
111,913.0,835.71875,,
112,896.0,812.1677246,,
113,881.0,805.5512695,,
114,866.0,798.779541,,
115,849.0,787.0306396,,
116,843.0,782.2001953,,
117,838.0,783.2001953,,
118,834.0,783.6228027,,
119,827.0,780.208252,,
120,821.0,773.8034668,,
121,818.0,768.9056396,,
122,816.0,768.2497559,,
123,816.0,769.6763916,,
124,815.0,769.8212891,,
125,815.0,770.8188477,,
126,815.0,772.9521484,,
127,815.0,771.8066406,,
128,815.0,770.3773193,,
129,822.0,787.2475586,,
130,847.0,812.2508545,,
131,864.0,826.9875488,,
132,882.0,829.6477051,,
133,891.0,823.2033691,,
134,906.0,842.4960938,,
135,911.0,853.2084961,,
136,912.0,870.8017578,,
137,925.0,897.5415039,,
138,928.0,889.71875,,
139,936.0,885.5489502,,
140,941.0,887.5228271,,
141,944.0,894.067627,,
142,928.0,858.666748,,
143,931.0,879.9008789,,
144,939.0,895.8496094,,
145,946.0,902.7543945,,
146,945.0,903.253418,,
147,953.0,884.5998535,,
148,949.0,890.5134277,,
149,953.0,895.4543457,,
150,957.0,896.1394043,,
151,956.0,910.9144287,,
152,961.0,902.1772461,,
153,959.0,899.994751,,
154,963.0,914.6072998,,
155,967.0,909.9589844,,
156,967.0,918.0029297,,
157,972.0,908.0446777,,
158,970.0,910.0898438,,
159,968.0,920.9907227,,
160,970.0,919.3532715,,
161,975.0,917.1729736,,
162,974.0,918.2631836,,
163,974.0,921.256958,,
164,973.0,923.8450928,,
165,973.0,923.0272217,,
166,979.0,922.8891602,,
167,977.0,927.1015625,,
168,977.0,930.494873,,
169,980.0,924.3894043,,
170,967.0,907.1375732,,
171,946.0,876.2485352,,
172,929.0,858.7739258,,
173,932.0,897.651123,,
174,942.0,915.829834,,
175,951.0,918.8283691,,
176,954.0,907.9193115,,
177,956.0,914.2026367,,
178,961.0,920.7369385,,
179,969.0,923.8547363,,
180,969.0,932.2697754,,
181,971.0,936.1964111,,
182,972.0,929.9555664,,
183,971.0,946.7373047,,
184,975.0,951.5910645,,
185,973.0,959.6779785,,
186,969.0,966.3964844,,
187,971.0,937.2663574,,
188,960.0,913.215332,,
189,951.0,917.9018555,,
190,927.0,890.1340332,,
191,910.0,860.8857422,,
192,895.0,845.043335,,
193,882.0,837.2307129,,
194,870.0,833.6899414,,
195,859.0,830.1901855,,
196,850.0,829.0740967,,
197,843.0,827.1162109,,
198,837.0,826.5578613,,
199,831.0,824.3110352,,
200,826.0,818.7026367,,
201,821.0,811.5300293,,
202,817.0,809.9804688,,
203,813.0,812.0964355,,
204,809.0,814.6300049,,
205,806.0,813.0834961,,
206,804.0,815.1929932,,
207,802.0,814.3493652,,
208,800.0,813.7854004,,
209,798.0,818.5628662,,
210,802.0,855.1464844,,
211,810.0,882.5217285,,
212,815.0,893.2409668,,
213,819.0,904.7502441,,
214,820.0,907.217041,,
215,819.0,910.4992676,,
216,817.0,912.4121094,,
217,815.0,935.6611328,,
218,812.0,928.612793,,
219,811.0,936.8859863,,
220,810.0,940.6782227,,
221,809.0,968.9780273,,
222,809.0,965.4782715,,
223,809.0,945.9375,,
224,808.0,949.307373,,
225,807.0,947.5490723,,
226,805.0,966.5300293,,
227,803.0,971.0922852,,
228,802.0,973.9074707,,
229,800.0,965.0500488,,
230,797.0,932.2539063,,
231,794.0,937.9428711,,
232,790.0,912.2561035,,
233,785.0,892.826416,,
234,780.0,879.8997803,,
235,775.0,867.6682129,,
236,770.0,863.100708,,
237,765.0,859.0842285,,
238,762.0,856.1726074,,
239,760.0,851.7322998,,
240,758.0,851.3071289,,
241,756.0,849.78125,,
242,755.0,852.4224854,,
243,754.0,846.5258789,,
244,752.0,841.0947266,,
245,752.0,839.8391113,,
246,752.0,838.3046875,,
247,751.0,839.7514648,,
248,750.0,842.8276367,,
249,750.0,844.7779541,,
250,749.0,843.8009033,,
251,749.0,841.5749512,,
252,749.0,840.7322998,,
253,749.0,835.8435059,,
254,749.0,835.4232178,,
255,749.0,836.263916,,
256,750.0,835.7032471,,
257,749.0,832.9139404,,
258,748.0,833.0517578,,
259,747.0,833.6102295,,
260,746.0,833.756958,,
261,744.0,834.3146973,,
262,743.0,833.6097412,,
263,743.0,836.8200684,,
264,744.0,837.1018066,,
265,745.0,836.6767578,,
266,747.0,837.0942383,,
267,748.0,839.1877441,,
268,750.0,847.2197266,,
269,750.0,877.8283691,,
270,751.0,882.1000977,,
271,751.0,875.760498,,
272,752.0,880.8598633,,
273,754.0,886.0930176,,
274,755.0,902.6868896,,
275,758.0,913.2053223,,
276,759.0,926.8178711,,
277,759.0,955.3613281,,
278,760.0,958.1938477,,
279,761.0,971.4951172,,
280,763.0,981.0061035,,
281,764.0,977.5266113,,
282,763.0,954.0281982,,
283,762.0,960.7650146,,
284,763.0,970.9655762,,
285,765.0,983.5458984,,
286,767.0,999.1442871,,
287,769.0,978.189209,,
288,770.0,957.6516113,,
289,772.0,965.8500977,,
290,772.0,979.9211426,,
291,771.0,1003.653931,,
292,772.0,977.3786621,,
293,771.0,1007.107178,,
294,771.0,994.8725586,,
295,771.0,982.8635254,,
296,772.0,992.2056885,,
297,772.0,982.9963379,,
298,771.0,997.9382324,,
299,771.0,998.204834,,
300,771.0,1009.908936,,
301,770.0,1020.508667,,
302,770.0,1002.612427,,
303,769.0,975.1235352,,
304,769.0,984.6213379,,
305,768.0,989.1593018,,
306,767.0,995.293335,,
307,766.0,949.5825195,,
308,766.0,886.7128906,,
309,768.0,842.5631104,,
310,768.0,810.9875488,,
311,766.0,788.378418,,
312,762.0,770.3190918,,
313,756.0,765.6123047,,
314,748.0,778.7183838,,
315,741.0,761.8900146,,
316,734.0,745.694519,,
317,728.0,733.1618042,,
318,724.0,724.1985474,,
319,722.0,716.8063354,,
320,721.0,724.3366699,,
321,718.0,733.2966309,,
322,715.0,737.3347168,,
323,713.0,755.0080566,,
324,711.0,779.4199219,,
325,709.0,825.0100098,,
326,707.0,874.5148926,,
327,705.0,899.2611084,,
328,705.0,947.8059082,,
379,751.0,903.307251,,
361,698.0,1102.003784,,
362,699.0,1099.749146,,
363,700.0,1099.606934,,
364,701.0,1099.607422,,
365,703.0,1104.305054,,
366,705.0,1107.310669,,
367,706.0,1105.783936,,
368,708.0,1103.328613,,
369,709.0,1103.884766,,
370,710.0,1108.753906,,
371,710.0,1110.778809,,
372,711.0,1112.822144,,
373,713.0,1121.59375,,
374,714.0,1126.636841,,
375,715.0,1125.480225,,
376,717.0,1131.325317,,
377,718.0,1131.590576,,
378,720.0,1139.603394,,
379,721.0,1138.587646,,
291,679.0,1057.45459,,
292,679.0,1062.435791,,
293,680.0,1069.625488,,
294,679.0,1074.588013,,
295,680.0,1078.061768,,
296,679.0,1083.402832,,
297,679.0,1083.397339,,
298,680.0,1094.840698,,
299,682.0,1091.464478,,
300,682.0,1094.059814,,
335,752.0,878.7069092,,
336,750.0,868.0759277,,
337,748.0,863.0955811,,
338,747.0,858.3813477,,
339,747.0,853.1053467,,
340,746.0,848.5222168,,
341,744.0,844.0678711,,
342,742.0,832.0622559,,
343,741.0,827.5842285,,
344,739.0,826.7436523,,
345,738.0,823.7993164,,
54,288.0,364.9602051,,
394,729.0,1098.555786,,
395,731.0,1102.05896,,
396,733.0,1107.500854,,
397,735.0,1112.809814,,
398,737.0,1095.44104,,
399,739.0,1074.747314,,
400,740.0,1057.48938,,
401,741.0,1031.721191,,
402,741.0,1011.352783,,
403,741.0,1000.327393,,
404,742.0,1005.116211,,
405,743.0,1003.918823,,
406,743.0,988.3391113,,
407,743.0,973.3574219,,
410,742.0,988.3359375,,
411,742.0,999.9260254,,
412,742.0,1002.452393,,
379,735.0,1096.813354,,
380,736.0,1090.059204,,
381,737.0,1083.164307,,
348,733.0,1064.416504,,
349,735.0,1064.025024,,
350,737.0,1065.463867,,
450,692.0,902.4559326,,
451,691.0,891.6293945,,
452,691.0,880.1018066,,
453,691.0,866.9973145,,
454,689.0,876.6901855,,
455,689.0,899.8024902,,
456,688.0,933.5380859,,
457,688.0,974.6018066,,
458,687.0,1004.026611,,
459,689.0,1027.539551,,
460,690.0,1029.370483,,
461,693.0,1026.877441,,
462,694.0,1023.326172,,
463,695.0,1028.094482,,
464,696.0,1032.065918,,
465,697.0,1037.220825,,
466,699.0,1042.504395,,
467,700.0,1039.761108,,
468,701.0,1043.723511,,
469,703.0,1047.156372,,
470,704.0,1051.996826,,
471,706.0,1057.065918,,
472,708.0,1061.880859,,
473,709.0,1062.400635,,
474,711.0,1062.292603,,
475,712.0,1064.13562,,
476,714.0,1066.374756,,
477,714.0,1070.574219,,
480,724.0,1079.361694,,
481,724.0,1079.86853,,
482,724.0,1078.762695,,
483,726.0,1077.512207,,
484,726.0,1079.411621,,
485,726.0,1081.229492,,
486,728.0,1083.985474,,
487,730.0,1090.899658,,
488,732.0,1092.224731,,
489,735.0,1091.071533,,
490,737.0,1086.92688,,
491,740.0,1067.391479,,
492,743.0,1027.074585,,
493,747.0,998.6430664,,
494,750.0,979.0424805,,
495,751.0,963.4802246,,
496,753.0,950.5137939,,
497,754.0,939.5148926,,
498,753.0,930.0004883,,
499,753.0,924.4649658,,
500,752.0,916.0557861,,
501,752.0,908.1616211,,
502,751.0,901.2176514,,
503,751.0,895.0803223,,
504,751.0,889.1911621,,
505,751.0,885.3656006,,
506,751.0,880.8372803,,
507,751.0,875.5531006,,
508,750.0,870.5198975,,
509,750.0,866.0517578,,
510,749.0,861.7646484,,
511,749.0,859.435791,,
512,749.0,857.2244873,,
403,756.0,948.0932617,,
404,756.0,941.2023926,,
405,756.0,933.4822998,,
406,755.0,926.4245605,,
407,754.0,920.166748,,
408,753.0,914.3105469,,
409,752.0,909.1248779,,
410,752.0,907.6243896,,
411,751.0,901.6140137,,
412,750.0,896.0037842,,
413,749.0,891.0625,,
414,749.0,886.2441406,,
415,749.0,881.8363037,,
416,749.0,879.0854492,,
362,716.0,1081.620361,,
363,717.0,1090.724976,,
364,717.0,1084.607178,,
365,718.0,1097.341675,,
366,719.0,1088.765625,,
367,720.0,1097.082153,,
368,722.0,1091.624634,,
369,723.0,1096.169434,,
370,723.0,1113.535156,,
371,724.0,1105.891113,,
372,1372.0,1102.651733,,
362,730.0,1052.004272,,
363,730.0,1061.832764,,
364,730.0,1079.851807,,
365,729.0,1084.928955,,
366,729.0,1082.715088,,
367,730.0,1090.780884,,
368,730.0,1096.497681,,
369,730.0,1092.340698,,
370,731.0,1098.053589,,
371,732.0,1097.787842,,
372,733.0,1103.36792,,
395,714.0,1066.586548,,
396,712.0,1071.418701,,
397,712.0,1070.897583,,
398,712.0,1070.769409,,
399,713.0,1068.289185,,
400,714.0,1068.157349,,
401,716.0,1073.381592,,
402,716.0,1077.946533,,
403,717.0,1093.689697,,
404,717.0,1090.830933,,
366,732.0,921.2304688,,
367,732.0,950.611084,,
368,731.0,963.6727295,,
369,731.0,970.7875977,,
370,731.0,975.8857422,,
371,732.0,980.4367676,,
372,732.0,981.1096191,,
373,732.0,985.7880859,,
374,733.0,993.2617188,,
375,734.0,998.8586426,,
357,767.0,901.1037598,,
358,766.0,890.2674561,,
359,764.0,881.3300781,,
360,763.0,873.8895264,,
361,762.0,867.3972168,,
362,760.0,864.6315918,,
363,759.0,860.4797363,,
364,758.0,854.098877,,
365,757.0,848.1142578,,
366,755.0,842.5441895,,
367,754.0,838.0852051,,
368,753.0,835.5697021,,
369,752.0,836.1291504,,
370,751.0,830.3933105,,
320,761.0,907.6821289,,
321,761.0,895.3679199,,
322,761.0,885.3457031,,
323,761.0,876.9438477,,
324,760.0,869.9038086,,
325,760.0,863.9570313,,
326,759.0,864.9248047,,
327,759.0,860.355835,,
328,758.0,853.1420898,,
329,757.0,847.0241699,,
330,757.0,841.4552002,,
331,756.0,836.9920654,,
332,755.0,833.7799072,,
385,753.0,879.5180664,,
386,752.0,863.800293,,
387,752.0,855.4871826,,
388,752.0,848.8079834,,
389,751.0,842.6748047,,
390,751.0,838.4949951,,
391,750.0,851.0200195,,
392,750.0,837.2225342,,
393,750.0,827.7210693,,
394,749.0,821.9709473,,
395,749.0,819.3057861,,
396,749.0,829.6884766,,
267,758.0,859.7666016,,
268,757.0,854.076416,,
269,756.0,848.793457,,
270,756.0,844.3369141,,
271,756.0,839.0341797,,
272,755.0,833.8630371,,
273,755.0,829.244873,,
274,755.0,824.6192627,,
275,754.0,820.6914063,,
276,754.0,816.1950684,,
361,750.0,903.0251465,,
362,749.0,904.1177979,,
363,749.0,892.3320313,,
364,749.0,886.5639648,,
365,749.0,897.5419922,,
366,749.0,929.5870361,,
367,748.0,964.6953125,,
371,711.0,1153.221558,,
372,712.0,1143.31897,,
373,713.0,1144.861694,,
374,715.0,1157.197998,,
375,716.0,1142.799561,,
376,718.0,1138.03479,,
377,721.0,1158.606201,,
378,724.0,1157.195801,,
379,727.0,1137.517456,,
380,728.0,1150.641724,,
381,730.0,1155.397583,,
382,731.0,1145.630371,,
383,732.0,1146.788574,,
384,733.0,1119.067749,,
385,734.0,1107.54834,,
386,735.0,1104.303101,,
387,736.0,1078.695313,,
388,738.0,1058.695923,,
389,738.0,1032.799316,,
